year,date,rank,team,games,win,loss,draw,win_rate,gb,last10,streak,home,away
2015,20150405,1,KIA,6,6,0,0,1.000,0,6승0무0패,6승,2-0-0,4-0-0
2015,20150405,2,롯데,6,5,1,0,0.833,1,5승0무1패,2승,4-0-0,1-0-1
2015,20150405,3,NC,5,3,2,0,0.600,2.5,3승0무2패,3승,3-0-0,0-0-2
2015,20150405,4,삼성,7,4,3,0,0.571,2.5,4승0무3패,2패,1-0-1,3-0-2
2015,20150405,5,SK,6,3,3,0,0.500,3,3승0무3패,2승,0-0-1,3-0-2
2015,20150405,5,두산,6,3,3,0,0.500,3,3승0무3패,3패,2-0-0,1-0-3
2015,20150405,7,LG,7,3,4,0,0.429,3.5,3승0무4패,2승,3-0-2,0-0-2
2015,20150405,8,넥센,6,2,4,0,0.333,4,2승0무4패,2패,2-0-3,0-0-1
2015,20150405,8,한화,6,2,4,0,0.333,4,2승0무4패,2패,1-0-1,1-0-3
2015,20150405,10,KT,7,0,7,0,0.000,6.5,0승0무7패,7패,0-0-5,0-0-2
2015,20150418,1,삼성,17,12,5,0,0.706,0,8승0무2패,3승,8-0-2,4-0-3
2015,20150418,2,SK,16,10,6,0,0.625,1.5,7승0무3패,1승,5-0-3,5-0-3
2015,20150418,2,두산,16,10,6,0,0.625,1.5,7승0무3패,4승,6-0-1,4-0-5
2015,20150418,4,롯데,17,9,8,0,0.529,3,4승0무6패,3패,8-0-2,1-0-6
2015,20150418,5,NC,16,8,8,0,0.500,3.5,4승0무6패,2패,4-0-2,4-0-6
2015,20150418,5,KIA,16,8,8,0,0.500,3.5,2승0무8패,3패,2-0-5,6-0-3
2015,20150418,5,한화,16,8,8,0,0.500,3.5,6승0무4패,2승,6-0-3,2-0-5
2015,20150418,8,LG,17,8,9,0,0.471,4,5승0무5패,1패,6-0-4,2-0-5
2015,20150418,9,넥센,16,7,9,0,0.438,4.5,5승0무5패,2승,3-0-5,4-0-4
2015,20150418,10,KT,17,2,15,0,0.118,10,2승0무8패,4패,0-0-7,2-0-8
2015,20150501,1,삼성,27,18,9,0,0.667,0,6승0무4패,3승,11-0-3,7-0-6
2015,20150501,2,두산,25,16,9,0,0.640,1,7승0무3패,1패,10-0-2,6-0-7
2015,20150501,3,SK,25,14,11,0,0.560,3,5승0무5패,2승,6-0-4,8-0-7
2015,20150501,3,한화,25,14,11,0,0.560,3,7승0무3패,2승,10-0-3,4-0-8
2015,20150501,5,넥센,26,14,12,0,0.538,3.5,7승0무3패,1승,5-0-8,9-0-4
2015,20150501,5,롯데,26,14,12,0,0.538,3.5,5승0무5패,1패,11-0-2,3-0-10
2015,20150501,7,LG,27,13,14,0,0.481,5,5승0무5패,3패,8-0-6,5-0-8
2015,20150501,8,KIA,26,12,14,0,0.462,5.5,4승0무6패,2패,5-0-9,7-0-5
2015,20150501,9,NC,25,11,14,0,0.440,6,3승0무7패,1승,5-0-7,6-0-7
2015,20150501,10,KT,26,3,23,0,0.115,14.5,1승0무9패,7패,1-0-13,2-0-10
2015,20150514,1,삼성,37,23,14,0,0.622,0,5승0무5패,1패,13-0-5,10-0-9
2015,20150514,2,두산,34,21,13,0,0.618,0.5,5승0무5패,1패,14-0-4,7-0-9
2015,20150514,3,SK,34,20,14,0,0.588,1.5,7승0무3패,1승,9-0-6,11-0-8
2015,20150514,4,넥센,37,20,17,0,0.541,3,5승0무5패,1승,8-0-11,12-0-6
2015,20150514,5,NC,35,18,16,1,0.529,3.5,7승1무2패,1패,10-0-8,8-1-8
2015,20150514,6,한화,36,19,17,0,0.528,3.5,4승0무6패,1승,12-0-6,7-0-11
2015,20150514,7,KIA,36,18,18,0,0.500,4.5,6승0무4패,4승,9-0-9,9-0-9
2015,20150514,8,롯데,37,17,20,0,0.459,6,3승0무7패,1패,13-0-6,4-0-14
2015,20150514,9,LG,37,16,20,1,0.444,6.5,3승1무6패,2승,9-1-8,7-0-12
2015,20150514,10,KT,37,7,30,0,0.189,16,4승0무6패,4패,3-0-16,4-0-14
2015,20150527,1,NC,46,27,18,1,0.600,0,8승0무2패,7승,14-0-9,13-1-9
2015,20150527,2,삼성,47,28,19,0,0.596,0,5승0무5패,1패,15-0-8,13-0-11
2015,20150527,3,두산,43,25,18,0,0.581,1,4승0무6패,2패,17-0-6,8-0-12
2015,20150527,4,SK,45,25,20,0,0.556,2,4승0무6패,1승,12-0-8,13-0-12
2015,20150527,5,넥센,48,25,23,0,0.521,3.5,4승0무6패,1승,10-0-15,15-0-8
2015,20150527,5,롯데,48,25,23,0,0.521,3.5,7승0무3패,1패,17-0-8,8-0-15
2015,20150527,7,한화,47,24,23,0,0.511,4,5승0무5패,1승,14-0-9,10-0-14
2015,20150527,8,KIA,46,23,23,0,0.500,4.5,5승0무5패,1패,12-0-11,11-0-12
2015,20150527,9,LG,48,21,26,1,0.447,7,5승0무5패,2승,12-1-10,9-0-16
2015,20150527,10,KT,48,9,39,0,0.188,19.5,2승0무8패,2패,4-0-21,5-0-18
2015,20150609,1,삼성,58,35,23,0,0.603,0,7승0무3패,3패,18-0-10,17-0-13
2015,20150609,2,NC,57,33,23,1,0.589,1,5승0무5패,3승,17-0-13,16-1-10
2015,20150609,3,두산,54,31,23,0,0.574,2,6승0무4패,2승,18-0-8,13-0-15
2015,20150609,4,넥센,59,32,26,1,0.552,3,6승1무3패,2패,14-0-17,18-1-9
2015,20150609,5,한화,58,30,28,0,0.517,5,5승0무5패,1승,17-0-10,13-0-18
2015,20150609,6,SK,56,28,27,1,0.509,5.5,3승1무6패,1패,12-1-12,16-0-15
2015,20150609,7,롯데,58,29,29,0,0.500,6,4승0무6패,1패,20-0-11,9-0-18
2015,20150609,7,KIA,56,28,28,0,0.500,6,5승0무5패,1승,14-0-13,14-0-15
2015,20150609,9,LG,59,25,33,1,0.431,10,4승0무6패,3패,13-1-17,12-0-16
2015,20150609,10,KT,59,14,45,0,0.237,21.5,4승0무6패,2승,6-0-25,8-0-20
2015,20150622,1,NC,67,39,27,1,0.591,0,6승0무4패,4승,20-0-13,19-1-14
2015,20150622,2,삼성,67,39,28,0,0.582,0.5,4승0무6패,2승,19-0-14,20-0-14
2015,20150622,3,두산,64,37,27,0,0.578,1,6승0무4패,1승,21-0-10,16-0-17
2015,20150622,4,넥센,69,38,30,1,0.559,2,6승0무4패,1승,17-0-19,21-1-11
2015,20150622,5,KIA,65,33,32,0,0.508,5.5,6승0무4패,2승,18-0-15,15-0-17
2015,20150622,6,한화,69,35,34,0,0.507,5.5,4승0무6패,5패,20-0-13,15-0-21
2015,20150622,7,SK,65,32,32,1,0.500,6,4승0무6패,2패,14-1-16,18-0-16
2015,20150622,8,롯데,68,32,36,0,0.471,8,3승0무7패,1패,20-0-13,12-0-23
2015,20150622,9,LG,69,30,38,1,0.441,10,5승0무5패,1패,16-1-19,14-0-19
2015,20150622,10,KT,69,19,50,0,0.275,21.5,5승0무5패,3패,9-0-28,10-0-22
2015,20150705,1,삼성,77,46,31,0,0.597,0,7승0무3패,3승,24-0-15,22-0-16
2015,20150705,2,NC,76,42,33,1,0.560,3,4승0무6패,2패,22-0-15,20-1-18
2015,20150705,2,두산,75,42,33,0,0.560,3,4승0무6패,2패,24-0-15,18-0-18
2015,20150705,4,넥센,78,43,34,1,0.558,3,6승0무4패,2승,18-0-20,25-1-14
2015,20150705,5,한화,77,41,36,0,0.532,5,6승0무4패,3승,23-0-13,18-0-23
2015,20150705,6,SK,76,38,37,1,0.507,7,6승0무4패,1승,16-1-19,22-0-18
2015,20150705,7,KIA,75,36,39,0,0.480,9,3승0무7패,4패,20-0-18,16-0-21
2015,20150705,8,롯데,78,36,42,0,0.462,10.5,4승0무6패,1패,23-0-18,13-0-24
2015,20150705,9,LG,80,35,44,1,0.443,12,5승0무5패,3패,18-1-20,17-0-24
2015,20150705,10,KT,80,25,55,0,0.313,22.5,5승0무5패,3승,13-0-30,12-0-25
2015,20150731,1,삼성,93,56,37,0,0.602,0,7승0무3패,5승,31-0-18,25-0-19
2015,20150731,2,넥센,93,52,40,1,0.565,3.5,7승0무3패,5승,24-0-23,28-1-17
2015,20150731,3,두산,91,51,40,0,0.560,4,4승0무6패,2패,27-0-19,24-0-21
2015,20150731,4,NC,92,49,41,2,0.544,5.5,3승0무7패,5패,25-1-19,24-1-22
2015,20150731,5,한화,93,48,45,0,0.516,8,4승0무6패,1패,25-0-20,23-0-25
2015,20150731,6,SK,90,44,44,2,0.500,9.5,4승1무5패,1승,21-1-20,23-1-24
2015,20150731,7,KIA,92,45,47,0,0.489,10.5,7승0무3패,4승,25-0-21,20-0-26
2015,20150731,8,롯데,95,45,50,0,0.474,12,6승0무4패,1승,26-0-22,19-0-28
2015,20150731,9,LG,94,41,52,1,0.441,15,4승0무6패,1패,22-1-24,19-0-28
2015,20150731,10,KT,93,29,64,0,0.312,27,2승0무8패,5패,16-0-32,13-0-32
2015,20150813,1,삼성,104,64,40,0,0.615,0,7승0무3패,2승,34-0-19,30-0-21
2015,20150813,2,NC,103,58,43,2,0.574,4.5,8승0무2패,1패,30-1-20,28-1-23
2015,20150813,3,두산,101,57,44,0,0.564,5.5,6승0무4패,1승,32-0-21,25-0-23
2015,20150813,4,넥센,104,56,47,1,0.544,7.5,4승0무6패,1승,27-0-25,29-1-22
2015,20150813,5,한화,104,53,51,0,0.510,11,5승0무5패,1패,28-0-23,25-0-28
2015,20150813,6,KIA,102,50,52,0,0.490,13,5승0무5패,1패,27-0-23,23-0-29
2015,20150813,7,SK,100,48,50,2,0.490,13,4승0무6패,3패,25-1-23,23-1-27
2015,20150813,8,롯데,105,48,57,0,0.457,16.5,3승0무7패,2승,28-0-23,20-0-34
2015,20150813,9,LG,105,46,58,1,0.442,18,4승0무6패,1승,23-1-27,23-0-31
2015,20150813,10,KT,104,33,71,0,0.317,31,3승0무7패,3패,18-0-37,15-0-34
2015,20150826,1,삼성,113,69,44,0,0.611,0,6승0무4패,2패,37-0-21,32-0-23
2015,20150826,2,NC,112,65,45,2,0.591,2.5,7승0무3패,1패,31-1-22,34-1-23
2015,20150826,3,두산,111,62,49,0,0.559,6,5승0무5패,2승,33-0-24,29-0-25
2015,20150826,4,넥센,114,60,53,1,0.531,9,4승0무6패,1승,31-0-27,29-1-26
2015,20150826,5,KIA,112,56,56,0,0.500,12.5,6승0무4패,1패,31-0-24,25-0-32
2015,20150826,6,한화,114,56,58,0,0.491,13.5,3승0무7패,1승,30-0-26,26-0-32
2015,20150826,7,SK,111,51,58,2,0.468,16,2승0무8패,1승,27-1-28,24-1-30
2015,20150826,8,롯데,114,53,61,0,0.465,16.5,6승0무4패,1패,31-0-23,22-0-38
2015,20150826,9,LG,115,51,63,1,0.447,18.5,5승0무5패,3승,27-1-29,24-0-34
2015,20150826,10,KT,114,39,75,0,0.342,30.5,6승0무4패,2패,22-0-38,17-0-37
2015,20150908,1,삼성,124,76,48,0,0.613,0,6승0무4패,2승,41-0-24,35-0-24
2015,20150908,2,NC,123,71,50,2,0.587,3.5,5승0무5패,2승,33-1-26,38-1-24
2015,20150908,3,두산,122,68,54,0,0.557,7,6승0무4패,3패,37-0-24,31-0-30
2015,20150908,4,넥센,125,69,55,1,0.556,7,9승0무1패,1승,34-0-27,35-1-28
2015,20150908,5,롯데,125,60,64,1,0.484,16,6승1무3패,6승,34-0-26,26-1-38
2015,20150908,6,한화,125,60,65,0,0.480,16.5,4승0무6패,1패,33-0-29,27-0-36
2015,20150908,7,KIA,123,58,65,0,0.472,17.5,2승0무8패,2패,31-0-29,27-0-36
2015,20150908,8,SK,122,55,65,2,0.458,19,3승0무7패,1패,29-1-31,26-1-34
2015,20150908,9,LG,126,54,70,2,0.435,22,3승1무6패,1승,29-2-33,25-0-37
2015,20150908,10,KT,125,45,80,0,0.360,31.5,5승0무5패,2패,27-0-39,18-0-41
2015,20150921,1,삼성,134,82,52,0,0.612,0,6승0무4패,3승,44-0-26,38-0-26
2015,20150921,2,NC,133,78,53,2,0.595,2.5,7승0무3패,1패,38-1-28,40-1-25
2015,20150921,3,넥센,134,74,59,1,0.556,7.5,6승0무4패,1승,36-0-29,38-1-30
2015,20150921,4,두산,132,71,61,0,0.538,10,3승0무7패,1승,39-0-28,32-0-33
2015,20150921,5,롯데,135,64,70,1,0.478,18,4승0무6패,3패,36-0-30,28-1-40
2015,20150921,6,SK,134,63,69,2,0.477,18,6승0무4패,1패,32-1-32,31-1-37
2015,20150921,7,KIA,133,63,70,0,0.474,18.5,5승0무5패,1승,34-0-32,29-0-38
2015,20150921,8,한화,136,63,73,0,0.463,20,3승0무7패,1패,34-0-34,29-0-39
2015,20150921,9,LG,135,58,75,2,0.436,23.5,5승0무5패,1패,31-2-35,27-0-40
2015,20150921,10,KT,134,50,84,0,0.373,32,5승0무5패,1승,29-0-39,21-0-45
2015,20151004,1,삼성,143,87,56,0,0.608,0,6승0무4패,2승,46-0-26,41-0-30
2015,20151004,2,NC,143,84,57,2,0.596,2,6승0무4패,1패,40-1-30,44-1-27
2015,20151004,3,두산,144,79,65,0,0.549,8.5,6승0무4패,2승,41-0-31,38-0-34
2015,20151004,4,넥센,144,78,65,1,0.545,9,4승0무6패,1패,40-0-32,38-1-33
2015,20151004,5,SK,144,69,73,2,0.486,17.5,6승0무4패,1승,37-1-34,32-1-39
2015,20151004,6,한화,144,68,76,0,0.472,19.5,6승0무4패,1패,38-0-34,30-0-42
2015,20151004,7,KIA,142,67,75,0,0.472,19.5,5승0무5패,2패,36-0-34,31-0-41
2015,20151004,8,롯데,144,66,77,1,0.462,21,2승0무8패,1승,37-0-35,29-1-42
2015,20151004,9,LG,143,63,78,2,0.447,23,6승0무4패,1승,33-2-37,30-0-41
2015,20151004,10,KT,143,52,91,0,0.364,35,3승0무7패,1패,30-0-42,22-0-49
2016,20160405,1,KT,4,3,1,0,0.750,0,3승0무1패,2승,1-0-0,2-0-1
2016,20160405,2,두산,3,2,1,0,0.667,0.5,2승0무1패,1승,1-0-0,1-0-1
2016,20160405,2,KIA,3,2,1,0,0.667,0.5,2승0무1패,2승,1-0-0,1-0-1
2016,20160405,2,LG,3,2,1,0,0.667,0.5,2승0무1패,1패,2-0-0,0-0-1
2016,20160405,5,넥센,4,2,2,0,0.500,1,2승0무2패,1패,2-0-1,0-0-1
2016,20160405,5,롯데,4,2,2,0,0.500,1,2승0무2패,1승,1-0-0,1-0-2
2016,20160405,7,삼성,3,1,2,0,0.333,1.5,1승0무2패,1패,1-0-1,0-0-1
2016,20160405,7,NC,3,1,2,0,0.333,1.5,1승0무2패,2패,1-0-1,0-0-1
2016,20160405,7,한화,3,1,2,0,0.333,1.5,1승0무2패,1승,1-0-0,0-0-2
2016,20160405,10,SK,4,1,3,0,0.250,2,1승0무3패,2패,1-0-2,0-0-1
2016,20160501,1,두산,25,18,6,1,0.750,0,7승0무3패,2승,10-1-3,8-0-3
2016,20160501,2,SK,26,16,10,0,0.615,3,6승0무4패,1패,10-0-5,6-0-5
2016,20160501,3,NC,24,13,11,0,0.542,5,6승0무4패,3승,5-0-4,8-0-7
2016,20160501,4,LG,23,12,11,0,0.522,5.5,5승0무5패,1승,7-0-4,5-0-7
2016,20160501,5,넥센,25,12,12,1,0.500,6,4승0무6패,1승,6-0-6,6-1-6
2016,20160501,6,롯데,26,12,14,0,0.462,7,3승0무7패,3패,7-0-8,5-0-6
2016,20160501,6,KT,26,12,14,0,0.462,7,5승0무5패,1패,5-0-9,7-0-5
2016,20160501,8,삼성,24,11,13,0,0.458,7,5승0무5패,1패,5-0-5,6-0-8
2016,20160501,9,KIA,23,9,14,0,0.391,8.5,3승0무7패,2패,4-0-6,5-0-8
2016,20160501,10,한화,24,7,17,0,0.292,11,5승0무5패,1승,5-0-8,2-0-9
2016,20160514,1,두산,35,23,11,1,0.676,0,5승0무5패,2승,10-1-6,13-0-5
2016,20160514,2,NC,33,19,14,0,0.576,3.5,7승0무3패,2패,8-0-6,11-0-8
2016,20160514,3,SK,37,20,17,0,0.541,4.5,4승0무6패,2패,13-0-8,7-0-9
2016,20160514,4,넥센,35,18,16,1,0.529,5,6승0무4패,3패,9-0-8,9-1-8
2016,20160514,5,삼성,35,17,18,0,0.486,6.5,6승0무4패,1승,9-0-9,8-0-9
2016,20160514,5,KT,35,17,18,0,0.486,6.5,5승0무5패,2승,8-0-11,9-0-7
2016,20160514,7,KIA,33,16,17,0,0.485,6.5,7승0무3패,4승,11-0-6,5-0-11
2016,20160514,7,LG,33,16,17,0,0.485,6.5,4승0무6패,2승,11-0-7,5-0-10
2016,20160514,9,롯데,36,17,19,0,0.472,7,5승0무5패,1패,8-0-9,9-0-10
2016,20160514,10,한화,34,9,25,0,0.265,14,2승0무8패,3패,6-0-9,3-0-16
2016,20160527,1,두산,46,33,12,1,0.733,0,9승0무1패,4승,17-1-6,16-0-6
2016,20160527,2,NC,43,24,18,1,0.571,7.5,5승1무4패,1승,11-1-8,13-0-10
2016,20160527,3,SK,46,25,21,0,0.543,8.5,5승0무5패,2승,16-0-9,9-0-12
2016,20160527,4,넥센,46,23,22,1,0.511,10,5승0무5패,2패,13-0-11,10-1-11
2016,20160527,5,LG,42,21,21,0,0.500,10.5,6승0무4패,3패,13-0-8,8-0-13
2016,20160527,6,롯데,46,22,24,0,0.478,11.5,5승0무5패,1패,11-0-11,11-0-13
2016,20160527,7,KIA,44,21,23,0,0.477,11.5,4승0무6패,1패,14-0-8,7-0-15
2016,20160527,8,삼성,46,21,25,0,0.457,12.5,4승0무6패,2패,12-0-13,9-0-12
2016,20160527,9,KT,46,19,25,2,0.432,13.5,2승1무7패,1승,9-0-14,10-2-11
2016,20160527,10,한화,45,13,31,1,0.295,19.5,4승1무5패,2승,8-1-10,5-0-21
2016,20160609,1,두산,57,40,16,1,0.714,0,6승0무4패,1승,21-1-7,19-0-9
2016,20160609,2,NC,53,33,19,1,0.635,5,9승0무1패,7승,16-1-9,17-0-10
2016,20160609,3,넥센,56,28,27,1,0.509,11.5,5승0무5패,3패,14-0-13,14-1-14
2016,20160609,4,LG,53,26,26,1,0.500,12,5승1무4패,2승,16-1-10,10-0-16
2016,20160609,5,SK,57,27,30,0,0.474,13.5,2승0무8패,1승,17-0-13,10-0-17
2016,20160609,6,롯데,56,26,30,0,0.464,14,4승0무6패,1패,13-0-14,13-0-16
2016,20160609,7,삼성,57,26,31,0,0.456,14.5,4승0무6패,2패,12-0-16,14-0-15
2016,20160609,8,KIA,54,23,30,1,0.434,15.5,2승1무7패,1승,14-0-12,9-1-18
2016,20160609,9,KT,57,23,32,2,0.418,16.5,4승0무6패,1패,12-0-19,11-2-13
2016,20160609,10,한화,56,22,33,1,0.400,17.5,8승0무2패,1패,14-1-12,8-0-21
2016,20160622,1,두산,67,48,18,1,0.727,0,8승0무2패,3승,24-1-8,24-0-10
2016,20160622,2,NC,62,41,20,1,0.672,4.5,9승0무1패,1패,16-1-10,25-0-10
2016,20160622,3,넥센,67,36,30,1,0.545,12,8승0무2패,4승,20-0-15,16-1-15
2016,20160622,4,SK,68,33,35,0,0.485,16,6승0무4패,1승,18-0-17,15-0-18
2016,20160622,5,LG,63,29,33,1,0.468,17,3승0무7패,1패,17-1-14,12-0-19
2016,20160622,6,롯데,67,30,37,0,0.448,18.5,4승0무6패,1승,14-0-16,16-0-21
2016,20160622,7,삼성,68,29,39,0,0.426,20,3승0무7패,4패,13-0-21,16-0-18
2016,20160622,8,KIA,65,27,37,1,0.422,20,3승0무7패,1패,16-0-18,11-1-19
2016,20160622,9,한화,65,26,38,1,0.406,21,4승0무6패,1승,17-1-15,9-0-23
2016,20160622,9,KT,66,26,38,2,0.406,21,3승0무7패,4패,14-0-22,12-2-16
2016,20160705,1,두산,75,52,22,1,0.703,0,6승0무4패,2승,26-1-10,26-0-12
2016,20160705,2,NC,69,42,25,2,0.627,6.5,3승1무6패,1패,16-2-13,26-0-12
2016,20160705,3,넥센,77,42,34,1,0.553,11,6승0무4패,5승,25-0-17,17-1-17
2016,20160705,4,SK,77,40,37,0,0.519,13.5,8승0무2패,2승,21-0-18,19-0-19
2016,20160705,5,롯데,74,35,39,0,0.473,17,7승0무3패,4승,17-0-16,18-0-23
2016,20160705,6,KIA,75,33,41,1,0.446,19,6승0무4패,4패,19-0-19,14-1-22
2016,20160705,7,LG,73,32,40,1,0.444,19,3승0무7패,3패,19-1-17,13-0-23
2016,20160705,8,KT,73,30,41,2,0.423,20.5,4승0무6패,1승,15-0-24,15-2-17
2016,20160705,9,삼성,76,32,44,0,0.421,21,3승0무7패,1승,15-0-23,17-0-21
2016,20160705,10,한화,73,28,43,2,0.394,22.5,3승1무6패,3패,18-1-18,10-1-25
2016,20160731,1,두산,95,60,34,1,0.638,0,4승0무6패,1승,30-1-17,30-0-17
2016,20160731,2,NC,89,54,33,2,0.621,2.5,6승0무4패,1승,23-2-17,31-0-16
2016,20160731,3,넥센,95,53,41,1,0.564,7,5승0무5패,1패,31-0-20,22-1-21
2016,20160731,4,KIA,95,46,48,1,0.489,14,7승0무3패,6승,24-0-23,22-1-25
2016,20160731,5,SK,97,47,50,0,0.485,14.5,3승0무7패,5패,24-0-26,23-0-24
2016,20160731,6,롯데,94,44,50,0,0.468,16,4승0무6패,5패,23-0-19,21-0-31
2016,20160731,7,한화,93,41,49,3,0.456,17,6승0무4패,1패,24-2-20,17-1-29
2016,20160731,8,LG,92,40,51,1,0.440,18.5,5승0무5패,1패,23-1-22,17-0-29
2016,20160731,9,삼성,93,39,53,1,0.424,20,5승0무5패,1승,19-0-27,20-1-26
2016,20160731,10,KT,93,38,53,2,0.418,20.5,5승0무5패,3승,20-0-30,18-2-23
2016,20160813,1,두산,106,66,39,1,0.629,0,5승0무5패,3승,33-1-20,33-0-19
2016,20160813,2,NC,98,59,37,2,0.615,2.5,6승0무4패,1승,27-2-17,32-0-20
2016,20160813,3,넥센,105,58,46,1,0.558,7.5,5승0무5패,2패,33-0-23,25-1-23
2016,20160813,4,SK,107,53,54,0,0.495,14,6승0무4패,3승,28-0-29,25-0-25
2016,20160813,5,KIA,106,52,53,1,0.495,14,5승0무5패,2승,27-0-24,25-1-29
2016,20160813,6,LG,103,49,53,1,0.480,15.5,9승0무1패,1패,28-1-22,21-0-31
2016,20160813,7,롯데,104,48,56,0,0.462,17.5,4승0무6패,1패,27-0-22,21-0-34
2016,20160813,8,한화,104,46,55,3,0.455,18,5승0무5패,2패,27-2-22,19-1-33
2016,20160813,9,삼성,103,44,58,1,0.431,20.5,5승0무5패,1승,22-0-30,22-1-28
2016,20160813,10,KT,102,38,62,2,0.380,25.5,1승0무9패,9패,20-0-32,18-2-30
2016,20160826,1,두산,116,74,41,1,0.643,0,8승0무2패,2승,37-1-22,37-0-19
2016,20160826,2,NC,109,64,43,2,0.598,6,5승0무5패,1패,29-2-20,35-0-23
2016,20160826,3,넥센,115,64,50,1,0.561,9.5,6승0무4패,2패,38-0-26,26-1-24
2016,20160826,4,SK,118,58,60,0,0.492,17.5,4승0무6패,1패,29-0-31,29-0-29
2016,20160826,5,KIA,115,56,58,1,0.491,17.5,5승0무5패,2승,29-0-27,27-1-31
2016,20160826,6,LG,114,55,58,1,0.487,18,6승0무4패,2승,30-1-24,25-0-34
2016,20160826,7,한화,114,50,61,3,0.450,22,4승0무6패,1승,28-2-26,22-1-35
2016,20160826,8,롯데,114,51,63,0,0.447,22.5,3승0무7패,2패,30-0-25,21-0-38
2016,20160826,9,삼성,113,49,63,1,0.438,23.5,5승0무5패,2패,24-0-31,25-1-32
2016,20160826,10,KT,112,43,67,2,0.391,28.5,5승0무5패,1승,22-0-36,21-2-31
2016,20160908,1,두산,126,81,44,1,0.648,0,7승0무3패,2승,41-1-23,40-0-21
2016,20160908,2,NC,118,69,47,2,0.595,7.5,5승0무5패,1패,31-2-23,38-0-24
2016,20160908,3,넥센,125,69,55,1,0.556,11.5,5승0무5패,3패,41-0-27,28-1-28
2016,20160908,4,SK,129,64,65,0,0.496,19,6승0무4패,5승,32-0-33,32-0-32
2016,20160908,5,KIA,125,61,63,1,0.492,19.5,5승0무5패,1승,33-0-30,28-1-33
2016,20160908,6,LG,125,59,65,1,0.476,21.5,3승0무7패,1패,33-1-26,26-0-39
2016,20160908,7,롯데,123,56,67,0,0.455,24,5승0무5패,1승,34-0-27,22-0-40
2016,20160908,8,한화,124,55,66,3,0.455,24,5승0무5패,1승,30-2-27,25-1-39
2016,20160908,9,삼성,122,53,68,1,0.438,26,4승0무6패,2패,27-0-34,26-1-34
2016,20160908,10,KT,123,47,74,2,0.388,32,4승0무6패,1패,24-0-38,23-2-36
2016,20160921,1,두산,136,89,46,1,0.659,0,8승0무2패,8승,44-1-23,45-0-23
2016,20160921,2,NC,129,73,53,3,0.579,11.5,3승1무6패,1패,32-2-26,41-1-27
2016,20160921,3,넥센,136,74,61,1,0.548,15,5승0무5패,2패,44-0-28,30-1-33
2016,20160921,4,LG,136,68,66,2,0.507,20.5,8승1무1패,5승,40-2-26,28-0-40
2016,20160921,5,KIA,136,67,68,1,0.496,22,6승0무4패,4승,36-0-32,31-1-36
2016,20160921,6,SK,138,65,73,0,0.471,25.5,2승0무8패,8패,33-0-37,32-0-36
2016,20160921,7,롯데,133,61,72,0,0.459,27,5승0무5패,1승,35-0-29,26-0-43
2016,20160921,8,한화,134,60,71,3,0.458,27,5승0무5패,4패,34-2-31,26-1-40
2016,20160921,9,삼성,133,59,73,1,0.447,28.5,5승0무5패,4패,30-0-36,29-1-37
2016,20160921,10,KT,133,49,82,2,0.374,38,2승0무8패,1승,26-0-43,23-2-39
2016,20161004,1,두산,143,92,50,1,0.648,0,6승0무4패,1승,46-1-25,46-0-25
2016,20161004,2,NC,140,81,56,3,0.591,8.5,7승0무3패,1패,37-2-29,44-1-27
2016,20161004,3,넥센,141,77,63,1,0.550,14,5승0무5패,3승,44-0-28,33-1-35
2016,20161004,4,LG,142,70,70,2,0.500,21,5승1무4패,1패,40-2-29,30-0-41
2016,20161004,5,KIA,141,69,71,1,0.493,22,6승0무4패,2승,38-0-33,31-1-38
2016,20161004,6,SK,142,68,74,0,0.479,24,3승0무7패,3승,34-0-37,34-0-37
2016,20161004,7,한화,142,64,75,3,0.460,26.5,4승0무6패,1승,35-2-34,29-1-41
2016,20161004,8,삼성,141,64,76,1,0.457,27,5승0무5패,1승,34-0-37,30-1-39
2016,20161004,9,롯데,141,64,77,0,0.454,27.5,4승0무6패,3패,38-0-31,26-0-46
2016,20161004,10,KT,141,51,88,2,0.367,39.5,3승0무7패,5패,28-0-43,23-2-45
2017,20170418,1,KIA,15,12,3,0,0.800,0,8승0무2패,6승,7-0-1,5-0-2
2017,20170418,2,롯데,15,9,6,0,0.600,3,5승0무5패,2패,6-0-3,3-0-3
2017,20170418,2,KT,15,9,6,0,0.600,3,5승0무5패,2패,4-0-2,5-0-4
2017,20170418,4,NC,15,8,7,0,0.533,4,6승0무4패,2승,5-0-4,3-0-3
2017,20170418,4,LG,15,8,7,0,0.533,4,3승0무7패,1패,4-0-1,4-0-6
2017,20170418,4,SK,15,8,7,0,0.533,4,8승0무2패,6승,5-0-5,3-0-2
2017,20170418,7,두산,15,6,8,1,0.429,5.5,3승1무6패,1패,3-1-6,3-0-2
2017,20170418,8,한화,15,6,9,0,0.400,6,4승0무6패,1승,2-0-4,4-0-5
2017,20170418,9,넥센,15,5,10,0,0.333,7,5승0무5패,5패,2-0-4,3-0-6
2017,20170418,10,삼성,15,3,11,1,0.214,8.5,2승1무7패,1승,2-0-4,1-1-7
2017,20170501,1,KIA,26,18,8,0,0.692,0,6승0무4패,2패,11-0-3,7-0-5
2017,20170501,2,NC,26,17,8,1,0.680,0.5,8승1무1패,2승,8-0-4,9-1-4
2017,20170501,3,LG,26,15,11,0,0.577,3,7승0무3패,1승,8-0-3,7-0-8
2017,20170501,4,SK,26,14,12,0,0.538,4,5승0무5패,1승,8-0-7,6-0-5
2017,20170501,5,넥센,26,13,13,0,0.500,5,8승0무2패,4승,6-0-6,7-0-7
2017,20170501,5,롯데,26,13,13,0,0.500,5,4승0무6패,1승,8-0-6,5-0-7
2017,20170501,7,두산,26,12,13,1,0.480,5.5,5승0무5패,1패,7-1-7,5-0-6
2017,20170501,8,KT,26,12,14,0,0.462,6,2승0무8패,1패,7-0-7,5-0-7
2017,20170501,9,한화,26,10,16,0,0.385,8,3승0무7패,3패,3-0-8,7-0-8
2017,20170501,10,삼성,26,4,20,2,0.167,13,1승1무8패,1패,3-1-8,1-1-12
2017,20170514,1,KIA,38,25,13,0,0.658,0,5승0무5패,1패,12-0-5,13-0-8
2017,20170514,2,LG,37,23,14,0,0.622,1.5,8승0무2패,1승,11-0-6,12-0-8
2017,20170514,3,NC,37,22,14,1,0.611,2,4승0무6패,2패,11-0-6,11-1-8
2017,20170514,4,두산,36,18,17,1,0.514,5.5,6승0무4패,4승,9-1-10,9-0-7
2017,20170514,5,넥센,37,18,18,1,0.500,6,5승1무4패,2승,8-1-9,10-0-9
2017,20170514,5,SK,37,18,18,1,0.500,6,4승1무5패,1승,11-0-10,7-1-8
2017,20170514,7,KT,38,18,20,0,0.474,7,5승0무5패,2승,10-0-10,8-0-10
2017,20170514,8,한화,37,17,20,0,0.459,7.5,6승0무4패,1패,6-0-10,11-0-10
2017,20170514,9,롯데,36,16,20,0,0.444,8,3승0무7패,3패,8-0-11,8-0-9
2017,20170514,10,삼성,37,7,28,2,0.200,16.5,2승0무8패,2패,5-1-14,2-1-14
2017,20170527,1,KIA,49,32,17,0,0.653,0,6승0무4패,1승,16-0-9,16-0-8
2017,20170527,2,NC,48,29,18,1,0.617,2,6승0무4패,1패,13-0-9,16-1-9
2017,20170527,3,두산,46,25,20,1,0.556,5,7승0무3패,1승,11-1-13,14-0-7
2017,20170527,4,LG,47,25,22,0,0.532,6,2승0무8패,4패,13-0-9,12-0-13
2017,20170527,5,넥센,48,24,23,1,0.511,7,5승0무5패,2승,12-1-13,12-0-10
2017,20170527,5,롯데,47,24,23,0,0.511,7,7승0무3패,1패,14-0-11,10-0-12
2017,20170527,7,SK,48,23,24,1,0.489,8,5승0무5패,2승,14-0-12,9-1-12
2017,20170527,8,KT,49,22,27,0,0.449,10,4승0무6패,1패,11-0-12,11-0-15
2017,20170527,9,한화,48,19,29,0,0.396,12.5,2승0무8패,1승,6-0-16,13-0-13
2017,20170527,10,삼성,48,13,33,2,0.283,17.5,5승0무5패,2패,6-1-16,7-1-17
2017,20170609,1,KIA,59,38,21,0,0.644,0,6승0무4패,1패,19-0-10,19-0-11
2017,20170609,2,NC,59,36,22,1,0.621,1.5,7승0무3패,3승,17-0-13,19-1-9
2017,20170609,3,두산,57,32,24,1,0.571,4.5,6승0무4패,3승,14-1-14,18-0-10
2017,20170609,4,LG,57,30,27,0,0.526,7,5승0무5패,3승,16-0-13,14-0-14
2017,20170609,5,SK,59,30,28,1,0.517,7.5,6승0무4패,3패,16-0-14,14-1-14
2017,20170609,6,넥센,59,29,29,1,0.500,8.5,5승0무5패,3승,13-1-16,16-0-13
2017,20170609,7,롯데,58,27,31,0,0.466,10.5,3승0무7패,3패,15-0-14,12-0-17
2017,20170609,8,KT,59,24,35,0,0.407,14,2승0무8패,4패,11-0-17,13-0-18
2017,20170609,9,한화,58,23,35,0,0.397,14.5,4승0무6패,5패,9-0-20,14-0-15
2017,20170609,10,삼성,59,20,37,2,0.351,17,6승0무4패,1승,10-1-18,10-1-19
2017,20170622,1,KIA,69,45,24,0,0.652,0,7승0무3패,2승,23-0-13,22-0-11
2017,20170622,2,NC,70,42,27,1,0.609,3,5승0무5패,1패,19-0-13,23-1-14
2017,20170622,3,SK,70,37,32,1,0.536,8,6승0무4패,1승,20-0-16,17-1-16
2017,20170622,4,두산,67,35,31,1,0.530,8.5,3승0무7패,2패,17-1-17,18-0-14
2017,20170622,5,LG,68,36,32,0,0.529,8.5,6승0무4패,2패,18-0-16,18-0-16
2017,20170622,6,넥센,70,35,34,1,0.507,10,5승0무5패,1패,17-1-18,18-0-16
2017,20170622,7,롯데,69,31,38,0,0.449,14,3승0무7패,1패,17-0-17,14-0-21
2017,20170622,8,한화,69,30,39,0,0.435,15,6승0무4패,1승,12-0-22,18-0-17
2017,20170622,9,삼성,70,26,42,2,0.382,18.5,6승0무4패,2승,13-1-21,13-1-21
2017,20170622,10,KT,70,26,44,0,0.371,19.5,2승0무8패,1승,12-0-22,14-0-22
2017,20170705,1,KIA,80,52,28,0,0.650,0,7승0무3패,1패,26-0-13,26-0-15
2017,20170705,2,NC,79,47,31,1,0.603,4,5승0무5패,4패,24-0-14,23-1-17
2017,20170705,3,SK,81,45,35,1,0.563,7,7승0무3패,1승,26-0-18,19-1-17
2017,20170705,4,넥센,79,41,37,1,0.526,10,6승0무4패,4승,21-1-19,20-0-18
2017,20170705,5,두산,77,39,37,1,0.513,11,4승0무6패,2승,21-1-21,18-0-16
2017,20170705,6,LG,77,38,38,1,0.500,12,2승1무7패,1승,18-0-19,20-1-19
2017,20170705,7,롯데,79,37,41,1,0.474,14,6승1무3패,2패,21-1-17,16-0-24
2017,20170705,8,한화,79,34,44,1,0.436,17,4승1무5패,2패,16-0-23,18-1-21
2017,20170705,9,삼성,81,31,47,3,0.397,20,4승1무5패,2승,17-2-21,14-1-26
2017,20170705,10,KT,80,27,53,0,0.338,25,1승0무9패,5패,12-0-24,15-0-29
2017,20170718,1,KIA,86,58,28,0,0.674,0,9승0무1패,6승,29-0-13,29-0-15
2017,20170718,2,NC,85,49,35,1,0.583,8,2승0무8패,1승,25-0-15,24-1-20
2017,20170718,3,SK,89,48,40,1,0.545,11,4승0무6패,3패,27-0-22,21-1-18
2017,20170718,4,두산,83,43,39,1,0.524,13,6승0무4패,3승,23-1-22,20-0-17
2017,20170718,5,넥센,87,45,41,1,0.523,13,6승0무4패,3패,22-1-20,23-0-21
2017,20170718,6,LG,83,42,40,1,0.512,14,5승0무5패,3승,20-0-20,22-1-20
2017,20170718,7,롯데,87,42,44,1,0.488,16,5승0무5패,1승,23-1-19,19-0-25
2017,20170718,8,한화,86,36,49,1,0.424,21.5,3승0무7패,1패,17-0-26,19-1-23
2017,20170718,9,삼성,89,34,52,3,0.395,24,5승0무5패,2패,18-2-24,16-1-28
2017,20170718,10,KT,85,28,57,0,0.329,29.5,1승0무9패,1패,13-0-27,15-0-30
2017,20170813,1,KIA,105,67,37,1,0.644,0,5승0무5패,1승,35-0-18,32-1-19
2017,20170813,2,두산,106,61,43,2,0.587,6,8승0무2패,2승,30-2-24,31-0-19
2017,20170813,3,NC,108,62,45,1,0.579,6.5,4승0무6패,3패,32-0-19,30-1-26
2017,20170813,4,LG,104,54,49,1,0.524,12.5,4승0무6패,1패,28-0-25,26-1-24
2017,20170813,5,넥센,110,57,52,1,0.523,12.5,4승0무6패,1승,32-1-25,25-0-27
2017,20170813,6,롯데,109,54,53,2,0.505,14.5,7승0무3패,1승,29-2-21,25-0-32
2017,20170813,7,SK,112,55,56,1,0.495,15.5,4승0무6패,1패,32-0-26,23-1-30
2017,20170813,8,한화,106,43,62,1,0.410,24.5,5승0무5패,1패,20-0-31,23-1-31
2017,20170813,9,삼성,110,43,63,4,0.406,25,4승0무6패,1패,23-2-31,20-2-32
2017,20170813,10,KT,106,35,71,0,0.330,33,5승0무5패,1승,17-0-33,18-0-38
2017,20170826,1,KIA,114,70,43,1,0.619,0,4승0무6패,1승,37-0-21,33-1-22
2017,20170826,2,두산,117,69,46,2,0.600,2,8승0무2패,5승,35-2-24,34-0-22
2017,20170826,3,NC,119,67,51,1,0.568,5.5,5승0무5패,1패,35-0-21,32-1-30
2017,20170826,4,롯데,120,64,54,2,0.542,8.5,9승0무1패,6승,34-2-21,30-0-33
2017,20170826,5,넥센,120,61,58,1,0.513,12,4승0무6패,3패,35-1-28,26-0-30
2017,20170826,6,LG,113,57,55,1,0.509,12.5,3승0무7패,3패,31-0-26,26-1-29
2017,20170826,7,SK,121,61,59,1,0.508,12.5,6승0무4패,3승,35-0-28,26-1-31
2017,20170826,8,한화,115,49,65,1,0.430,21.5,6승0무4패,1패,23-0-32,26-1-33
2017,20170826,9,삼성,119,46,69,4,0.400,25,3승0무7패,1승,24-2-34,22-2-35
2017,20170826,10,KT,116,36,80,0,0.310,35.5,1승0무9패,5패,18-0-38,18-0-42
2017,20170908,1,KIA,125,76,48,1,0.613,0,6승0무4패,1승,40-0-22,36-1-26
2017,20170908,2,두산,128,73,52,3,0.584,3.5,4승0무6패,1승,38-3-27,35-0-25
2017,20170908,3,NC,129,73,55,1,0.570,5,6승0무4패,2승,40-0-21,33-1-34
2017,20170908,4,롯데,130,70,58,2,0.547,8,6승0무4패,1승,39-2-23,31-0-35
2017,20170908,5,LG,124,62,59,3,0.512,12.5,5승1무4패,3승,34-0-27,28-3-32
2017,20170908,6,넥센,131,66,63,2,0.512,12.5,4승1무5패,3패,38-2-30,28-0-33
2017,20170908,7,SK,131,66,64,1,0.508,13,5승0무5패,2패,39-0-28,27-1-36
2017,20170908,8,한화,126,53,72,1,0.424,23.5,4승0무6패,1패,26-0-35,27-1-37
2017,20170908,9,삼성,129,49,76,4,0.392,27.5,3승0무7패,1패,25-2-37,24-2-39
2017,20170908,10,KT,127,43,84,0,0.339,34.5,6승0무4패,1패,22-0-40,21-0-44
2017,20170921,1,KIA,135,81,53,1,0.604,0,5승0무5패,2패,43-0-25,38-1-28
2017,20170921,2,두산,138,80,55,3,0.593,1.5,7승0무3패,4승,38-3-29,42-0-26
2017,20170921,3,NC,138,75,61,2,0.551,7,3승1무6패,2패,41-1-26,34-1-35
2017,20170921,4,롯데,139,75,62,2,0.547,7.5,6승0무4패,1패,42-2-25,33-0-37
2017,20170921,5,SK,141,73,67,1,0.521,11,7승0무3패,2승,42-0-29,31-1-38
2017,20170921,6,넥센,140,69,69,2,0.500,14,3승0무7패,2승,39-2-31,30-0-38
2017,20170921,7,LG,135,65,67,3,0.492,15,2승0무8패,3패,37-0-32,28-3-35
2017,20170921,8,한화,135,59,75,1,0.440,22,6승0무4패,1승,29-0-36,30-1-39
2017,20170921,9,삼성,138,53,80,5,0.398,27.5,4승1무5패,1승,27-2-40,26-3-40
2017,20170921,10,KT,137,48,89,0,0.350,34.5,5승0무5패,1패,25-0-42,23-0-47
2018,20180405,1,NC,11,8,3,0,0.727,0,7승0무3패,1패,6-0-2,2-0-1
2018,20180405,2,두산,10,7,3,0,0.700,0.5,7승0무3패,2승,6-0-1,1-0-2
2018,20180405,2,SK,10,7,3,0,0.700,0.5,7승0무3패,1패,4-0-3,3-0-0
2018,20180405,4,넥센,11,7,4,0,0.636,1,6승0무4패,2승,5-0-3,2-0-1
2018,20180405,5,KT,11,6,5,0,0.545,2,5승0무5패,2패,2-0-1,4-0-4
2018,20180405,6,KIA,10,5,5,0,0.500,2.5,5승0무5패,1승,3-0-2,2-0-3
2018,20180405,7,한화,10,4,6,0,0.400,3.5,4승0무6패,2승,2-0-3,2-0-3
2018,20180405,8,삼성,11,4,7,0,0.364,4,3승0무7패,1승,1-0-2,3-0-5
2018,20180405,9,LG,10,3,7,0,0.300,4.5,3승0무7패,2패,2-0-1,1-0-6
2018,20180405,10,롯데,10,1,9,0,0.100,6.5,1승0무9패,2패,1-0-2,0-0-7
2018,20180418,1,두산,20,15,5,0,0.750,0,8승0무2패,1승,9-0-2,6-0-3
2018,20180418,2,SK,20,14,6,0,0.700,1,7승0무3패,5승,8-0-4,6-0-2
2018,20180418,3,한화,20,11,9,0,0.550,4,7승0무3패,1패,7-0-4,4-0-5
2018,20180418,4,KIA,19,10,9,0,0.526,4.5,6승0무4패,2승,8-0-3,2-0-6
2018,20180418,5,NC,21,10,11,0,0.476,5.5,2승0무8패,2승,6-0-5,4-0-6
2018,20180418,5,LG,21,10,11,0,0.476,5.5,6승0무4패,2패,7-0-2,3-0-9
2018,20180418,5,KT,21,10,11,0,0.476,5.5,4승0무6패,5패,3-0-4,7-0-7
2018,20180418,8,넥센,22,9,13,0,0.409,7,2승0무8패,3패,6-0-7,3-0-6
2018,20180418,9,삼성,21,7,14,0,0.333,8.5,3승0무7패,1패,1-0-5,6-0-9
2018,20180418,10,롯데,19,6,13,0,0.316,8.5,5승0무5패,1승,5-0-6,1-0-7
2018,20180501,1,두산,31,22,9,0,0.710,0,6승0무4패,2승,13-0-3,9-0-6
2018,20180501,2,SK,31,21,10,0,0.677,1,6승0무4패,1승,10-0-5,11-0-5
2018,20180501,3,LG,32,18,14,0,0.563,4.5,8승0무2패,2패,12-0-3,6-0-11
2018,20180501,4,한화,30,15,15,0,0.500,6.5,4승0무6패,1승,8-0-7,7-0-8
2018,20180501,5,KT,32,15,17,0,0.469,7.5,5승0무5패,1패,6-0-8,9-0-9
2018,20180501,6,넥센,33,15,18,0,0.455,8,5승0무5패,2승,8-0-9,7-0-9
2018,20180501,7,KIA,29,13,16,0,0.448,8,3승0무7패,3패,9-0-5,4-0-11
2018,20180501,8,롯데,30,13,17,0,0.433,8.5,7승0무3패,2승,10-0-9,3-0-8
2018,20180501,9,NC,32,13,19,0,0.406,9.5,3승0무7패,2패,7-0-11,6-0-8
2018,20180501,10,삼성,32,11,21,0,0.344,11.5,3승0무7패,1패,3-0-10,8-0-11
2018,20180527,1,두산,51,33,18,0,0.647,0,6승0무4패,2승,17-0-7,16-0-11
2018,20180527,2,SK,51,30,21,0,0.588,3,4승0무6패,1패,16-0-9,14-0-12
2018,20180527,3,한화,51,29,22,0,0.569,4,6승0무4패,1승,15-0-10,14-0-12
2018,20180527,4,KIA,51,26,25,0,0.510,7,6승0무4패,1승,17-0-9,9-0-16
2018,20180527,5,LG,54,27,27,0,0.500,7.5,6승0무4패,1패,17-0-10,10-0-17
2018,20180527,6,넥센,54,26,28,0,0.481,8.5,5승0무5패,1패,13-0-16,13-0-12
2018,20180527,7,KT,52,24,28,0,0.462,9.5,6승0무4패,1승,11-0-14,13-0-14
2018,20180527,8,롯데,50,23,27,0,0.460,9.5,3승0무7패,1승,14-0-12,9-0-15
2018,20180527,9,삼성,53,23,30,0,0.434,11,6승0무4패,2패,10-0-15,13-0-15
2018,20180527,10,NC,53,19,34,0,0.358,15,2승0무8패,1패,10-0-18,9-0-16
2018,20180609,1,두산,61,41,20,0,0.672,0,8승0무2패,4승,21-0-7,20-0-13
2018,20180609,2,SK,61,35,26,0,0.574,6,5승0무5패,1승,20-0-11,15-0-15
2018,20180609,3,LG,65,37,28,0,0.569,6,9승0무1패,3승,22-0-11,15-0-17
2018,20180609,4,한화,62,35,27,0,0.565,6.5,5승0무5패,1패,18-0-12,17-0-15
2018,20180609,5,KIA,62,32,30,0,0.516,9.5,6승0무4패,1승,19-0-13,13-0-17
2018,20180609,6,넥센,65,30,35,0,0.462,13,3승0무7패,1패,14-0-18,16-0-17
2018,20180609,7,삼성,64,29,35,0,0.453,13.5,6승0무4패,2패,12-0-18,17-0-17
2018,20180609,8,롯데,61,27,34,0,0.443,14,4승0무6패,1패,16-0-18,11-0-16
2018,20180609,9,KT,63,27,36,0,0.429,15,2승0무8패,1승,12-0-18,15-0-18
2018,20180609,10,NC,64,21,43,0,0.328,21.5,2승0무8패,2패,11-0-23,10-0-20
2018,20180622,1,두산,72,48,24,0,0.667,0,6승0무4패,1패,26-0-9,22-0-15
2018,20180622,2,한화,73,42,31,0,0.575,6.5,6승0무4패,3승,22-0-15,20-0-16
2018,20180622,3,LG,76,42,34,0,0.553,8,5승0무5패,1승,26-0-11,16-0-23
2018,20180622,4,SK,72,39,32,1,0.549,8.5,4승1무5패,2승,20-0-14,19-1-18
2018,20180622,5,KIA,71,35,36,0,0.493,12.5,4승0무6패,1승,21-0-16,14-0-20
2018,20180622,6,넥센,76,37,39,0,0.487,13,6승0무4패,2패,18-0-21,19-0-18
2018,20180622,7,롯데,71,33,37,1,0.471,14,6승1무3패,1패,17-0-20,16-1-17
2018,20180622,8,삼성,75,34,40,1,0.459,15,4승1무5패,1승,15-1-19,19-0-21
2018,20180622,9,KT,74,28,45,1,0.384,20.5,1승1무8패,3패,12-1-22,16-0-23
2018,20180622,10,NC,74,27,47,0,0.365,22,6승0무4패,1패,16-0-25,11-0-22
2018,20180705,1,두산,81,55,26,0,0.679,0,7승0무3패,3승,27-0-10,28-0-16
2018,20180705,2,한화,83,49,34,0,0.590,7,7승0무3패,1승,26-0-16,23-0-18
2018,20180705,3,SK,80,44,35,1,0.557,10,7승0무3패,2패,23-0-14,21-1-21
2018,20180705,4,LG,84,45,38,1,0.542,11,4승1무5패,1패,29-1-13,16-0-25
2018,20180705,5,넥센,86,43,43,0,0.500,14.5,6승0무4패,2승,21-0-23,22-0-20
2018,20180705,6,KIA,79,39,40,0,0.494,15,5승0무5패,1패,23-0-17,16-0-23
2018,20180705,7,롯데,80,35,43,2,0.449,18.5,2승1무7패,4패,19-0-23,16-2-20
2018,20180705,8,삼성,84,35,47,2,0.427,20.5,2승1무7패,5패,15-1-23,20-1-24
2018,20180705,9,KT,81,32,47,2,0.405,22,4승2무4패,3승,16-2-23,16-0-24
2018,20180705,10,NC,84,30,54,0,0.357,26.5,3승0무7패,1승,17-0-29,13-0-25
2018,20180718,1,두산,89,59,30,0,0.663,0,6승0무4패,1승,30-0-12,29-0-18
2018,20180718,2,한화,91,53,38,0,0.582,7,5승0무5패,1패,28-0-17,25-0-21
2018,20180718,3,SK,88,49,38,1,0.563,9,5승0무5패,1패,26-0-16,23-1-22
2018,20180718,4,LG,92,50,41,1,0.549,10,6승0무4패,2승,30-1-15,20-0-26
2018,20180718,5,넥센,94,46,48,0,0.489,15.5,5승0무5패,3패,23-0-26,23-0-22
2018,20180718,6,KIA,87,41,46,0,0.471,17,3승0무7패,1패,25-0-20,16-0-26
2018,20180718,7,삼성,92,40,50,2,0.444,19.5,5승1무4패,1승,18-1-23,22-1-27
2018,20180718,8,롯데,88,38,48,2,0.442,19.5,3승0무7패,1패,21-0-24,17-2-24
2018,20180718,9,KT,89,36,51,2,0.414,22,5승1무4패,1승,19-2-25,17-0-26
2018,20180718,10,NC,92,35,57,0,0.380,25.5,6승0무4패,1승,20-0-29,15-0-28
2018,20180731,1,두산,100,66,34,0,0.660,0,6승0무4패,3승,34-0-13,32-0-21
2018,20180731,2,SK,99,56,42,1,0.571,9,6승0무4패,2패,30-0-17,26-1-25
2018,20180731,3,한화,102,57,45,0,0.559,10,4승0무6패,3패,30-0-19,27-0-26
2018,20180731,4,LG,103,53,49,1,0.520,14,2승0무8패,1패,31-1-20,22-0-29
2018,20180731,5,삼성,103,48,52,3,0.480,18,7승1무2패,3승,23-2-24,25-1-28
2018,20180731,6,넥센,105,50,55,0,0.476,18.5,4승0무6패,1승,24-0-32,26-0-23
2018,20180731,7,KIA,98,45,53,0,0.459,20,4승0무6패,1승,28-0-22,17-0-31
2018,20180731,8,롯데,99,43,54,2,0.443,21.5,5승0무5패,1패,23-0-28,20-2-26
2018,20180731,9,KT,100,43,55,2,0.439,22,6승0무4패,1승,22-2-26,21-0-29
2018,20180731,10,NC,103,40,62,1,0.392,27,5승1무4패,1승,23-0-32,17-1-30
2018,20180908,1,두산,118,77,41,0,0.653,0,7승0무3패,4승,41-0-17,36-0-24
2018,20180908,2,SK,117,64,52,1,0.552,12,3승0무7패,1패,33-0-24,31-1-28
2018,20180908,3,한화,119,65,54,0,0.546,12.5,5승0무5패,2패,36-0-23,29-0-31
2018,20180908,4,넥센,123,62,61,0,0.504,17.5,5승0무5패,4패,28-0-33,34-0-28
2018,20180908,5,LG,121,59,61,1,0.492,19,5승0무5패,1승,34-1-24,25-0-37
2018,20180908,6,KIA,115,55,60,0,0.478,20.5,7승0무3패,3승,35-0-25,20-0-35
2018,20180908,7,삼성,121,56,62,3,0.475,21,4승0무6패,3패,26-2-30,30-1-32
2018,20180908,8,롯데,115,52,61,2,0.460,22.5,5승0무5패,2패,29-0-30,23-2-31
2018,20180908,9,KT,118,50,66,2,0.431,26,5승0무5패,2승,27-2-32,23-0-34
2018,20180908,10,NC,121,49,71,1,0.408,29,4승0무6패,2승,26-0-36,23-1-35
2018,20180921,1,두산,129,84,45,0,0.651,0,7승0무3패,2승,44-0-18,40-0-27
2018,20180921,2,SK,128,71,56,1,0.559,12,6승0무4패,1승,37-0-25,34-1-31
2018,20180921,3,한화,130,70,60,0,0.538,14.5,5승0무5패,1패,37-0-26,33-0-34
2018,20180921,4,넥센,133,69,64,0,0.519,17,7승0무3패,1패,32-0-34,37-0-30
2018,20180921,5,KIA,125,61,64,0,0.488,21,6승0무4패,2승,39-0-26,22-0-38
2018,20180921,6,LG,132,63,68,1,0.481,22,3승0무7패,5패,36-1-29,27-0-39
2018,20180921,7,삼성,132,61,68,3,0.473,23,4승0무6패,1승,28-2-34,33-1-34
2018,20180921,8,롯데,124,55,67,2,0.451,25.5,3승0무7패,3승,30-0-35,25-2-32
2018,20180921,9,NC,131,55,75,1,0.423,29.5,6승0무4패,3패,31-0-37,24-1-38
2018,20180921,10,KT,128,52,74,2,0.413,30.5,2승0무8패,2패,29-2-34,23-0-40
2018,20181004,1,두산,137,89,48,0,0.650,0,7승0무3패,2승,48-0-18,41-0-30
2018,20181004,2,SK,138,76,61,1,0.555,13,5승0무5패,2패,41-0-27,35-1-34
2018,20181004,3,한화,140,75,65,0,0.536,15.5,5승0무5패,1패,42-0-29,33-0-36
2018,20181004,4,넥센,141,74,67,0,0.525,17,6승0무4패,3승,37-0-35,37-0-32
2018,20181004,5,KIA,136,67,69,0,0.493,21.5,5승0무5패,1승,41-0-27,26-0-42
2018,20181004,6,삼성,141,66,71,4,0.482,23,6승1무3패,1승,32-3-36,34-1-35
2018,20181004,7,롯데,135,63,70,2,0.474,24,7승0무3패,1승,32-0-35,31-2-35
2018,20181004,8,LG,142,66,75,1,0.468,25,3승0무7패,1패,39-1-32,27-0-43
2018,20181004,9,NC,140,57,82,1,0.410,33,2승0무8패,1승,32-0-38,25-1-44
2018,20181004,10,KT,138,55,80,3,0.407,33,3승1무6패,1승,30-2-37,25-1-43
2019,20190405,1,두산,12,9,3,0,0.750,0,8승0무2패,1패,6-0-3,3-0-0
2019,20190405,2,SK,12,8,4,0,0.667,1,6승0무4패,2승,6-0-3,2-0-1
2019,20190405,3,LG,12,7,5,0,0.583,2,5승0무5패,1승,2-0-1,5-0-4
2019,20190405,3,NC,12,7,5,0,0.583,2,6승0무4패,1승,5-0-3,2-0-2
2019,20190405,5,한화,12,6,6,0,0.500,3,5승0무5패,1패,4-0-2,2-0-4
2019,20190405,5,롯데,12,6,6,0,0.500,3,5승0무5패,1승,3-0-3,3-0-3
2019,20190405,7,키움,12,5,7,0,0.417,4,4승0무6패,1패,1-0-2,4-0-5
2019,20190405,7,KIA,12,5,7,0,0.417,4,5승0무5패,1승,3-0-3,2-0-4
2019,20190405,7,삼성,12,5,7,0,0.417,4,4승0무6패,1패,2-0-4,3-0-3
2019,20190405,10,KT,12,2,10,0,0.167,7,2승0무8패,5패,2-0-2,0-0-8
2019,20190418,1,두산,22,14,8,0,0.636,0,5승0무5패,1패,8-0-6,6-0-2
2019,20190418,2,SK,22,13,8,1,0.619,0.5,5승1무4패,1승,8-1-5,5-0-3
2019,20190418,3,LG,22,13,9,0,0.591,1,6승0무4패,3승,5-0-3,8-0-6
2019,20190418,3,NC,22,13,9,0,0.591,1,6승0무4패,3패,8-0-6,5-0-3
2019,20190418,5,키움,22,12,10,0,0.545,2,7승0무3패,1패,5-0-4,7-0-6
2019,20190418,6,롯데,22,10,12,0,0.455,4,4승0무6패,3승,7-0-6,3-0-6
2019,20190418,7,한화,22,9,13,0,0.409,5,3승0무7패,1패,4-0-4,5-0-9
2019,20190418,7,삼성,22,9,13,0,0.409,5,4승0무6패,1승,5-0-7,4-0-6
2019,20190418,9,KIA,21,8,12,1,0.400,5,4승1무5패,3패,4-0-5,4-1-7
2019,20190418,10,KT,23,8,15,0,0.348,6.5,5승0무5패,1승,6-0-3,2-0-12
2019,20190501,1,SK,32,21,10,1,0.677,0,8승0무2패,1승,11-1-7,10-0-3
2019,20190501,2,LG,31,20,11,0,0.645,1,8승0무2패,7승,10-0-5,10-0-6
2019,20190501,3,두산,33,21,12,0,0.636,1,6승0무4패,2패,11-0-6,10-0-6
2019,20190501,4,NC,31,19,12,0,0.613,2,6승0무4패,1승,10-0-6,9-0-6
2019,20190501,5,키움,33,19,14,0,0.576,3,6승0무4패,1패,9-0-6,10-0-8
2019,20190501,6,한화,30,14,16,0,0.467,6.5,6승0무4패,2승,9-0-5,5-0-11
2019,20190501,7,롯데,31,12,19,0,0.387,9,3승0무7패,1패,9-0-9,3-0-10
2019,20190501,8,삼성,31,11,20,0,0.355,10,3승0무7패,1승,5-0-11,6-0-9
2019,20190501,9,KIA,31,10,20,1,0.333,10.5,2승0무8패,1패,5-0-9,5-1-11
2019,20190501,10,KT,33,10,23,0,0.303,12,2승0무8패,7패,6-0-8,4-0-15
2019,20190514,1,SK,43,29,13,1,0.690,0,8승0무2패,1패,13-1-9,16-0-4
2019,20190514,2,두산,44,29,15,0,0.659,1,7승0무3패,1패,16-0-8,13-0-7
2019,20190514,3,LG,42,24,18,0,0.571,5,3승0무7패,1패,13-0-6,11-0-12
2019,20190514,3,NC,42,24,18,0,0.571,5,4승0무6패,1승,14-0-9,10-0-9
2019,20190514,5,키움,44,25,19,0,0.568,5,5승0무5패,2패,13-0-8,12-0-11
2019,20190514,6,한화,41,19,22,0,0.463,9.5,5승0무5패,1승,12-0-7,7-0-15
2019,20190514,7,삼성,42,17,25,0,0.405,12,6승0무4패,1승,9-0-13,8-0-12
2019,20190514,8,롯데,42,16,26,0,0.381,13,4승0무6패,2승,10-0-13,6-0-13
2019,20190514,9,KT,44,16,28,0,0.364,14,6승0무4패,2승,10-0-10,6-0-18
2019,20190514,10,KIA,42,13,28,1,0.317,15.5,2승0무8패,4패,6-0-13,7-1-15
2019,20190609,1,SK,65,42,22,1,0.656,0,7승0무3패,1패,19-1-14,23-0-8
2019,20190609,2,두산,66,41,25,0,0.621,2,4승0무6패,2패,23-0-12,18-0-13
2019,20190609,3,LG,64,37,27,0,0.578,5,8승0무2패,2승,19-0-11,18-0-16
2019,20190609,4,NC,64,35,29,0,0.547,7,4승0무6패,3승,20-0-14,15-0-15
2019,20190609,5,키움,67,36,31,0,0.537,7.5,5승0무5패,2승,19-0-14,17-0-17
2019,20190609,6,삼성,64,29,35,0,0.453,13,6승0무4패,1승,17-0-14,12-0-21
2019,20190609,7,한화,64,28,36,0,0.438,14,4승0무6패,2패,17-0-13,11-0-23
2019,20190609,8,KT,66,28,38,0,0.424,15,5승0무5패,3승,19-0-12,9-0-26
2019,20190609,9,KIA,65,25,39,1,0.391,17,3승0무7패,3패,14-0-19,11-1-20
2019,20190609,10,롯데,65,23,42,0,0.354,19.5,4승0무6패,5패,15-0-19,8-0-23
2019,20190622,1,SK,76,50,25,1,0.667,0,7승0무3패,2승,24-1-14,26-0-11
2019,20190622,2,두산,77,48,29,0,0.623,3,7승0무3패,2패,28-0-13,20-0-16
2019,20190622,3,LG,75,43,31,1,0.581,6.5,6승0무4패,1패,22-1-12,21-0-19
2019,20190622,4,키움,78,45,33,0,0.577,6.5,8승0무2패,1패,25-0-14,20-0-19
2019,20190622,5,NC,75,37,38,0,0.493,13,2승0무8패,1승,21-0-16,16-0-22
2019,20190622,6,삼성,75,32,43,0,0.427,18,3승0무7패,1패,19-0-18,13-0-25
2019,20190622,7,KIA,75,31,43,1,0.419,18.5,6승0무4패,1승,19-0-20,12-1-23
2019,20190622,8,KT,77,32,45,0,0.416,19,4승0무6패,1패,21-0-15,11-0-30
2019,20190622,9,한화,75,31,44,0,0.413,19,2승0무8패,1승,20-0-18,11-0-26
2019,20190622,10,롯데,75,28,46,1,0.378,21.5,5승1무4패,1승,18-0-20,10-1-26
2019,20190705,1,SK,86,58,27,1,0.682,0,8승0무2패,5승,28-1-14,30-0-13
2019,20190705,2,두산,87,52,35,0,0.598,7,4승0무6패,1패,29-0-16,23-0-19
2019,20190705,3,키움,88,51,37,0,0.580,8.5,6승0무4패,1승,29-0-17,22-0-20
2019,20190705,4,LG,85,48,36,1,0.571,9.5,5승0무5패,1패,26-1-15,22-0-21
2019,20190705,5,NC,84,42,42,0,0.500,15.5,6승0무4패,3승,24-0-18,18-0-24
2019,20190705,6,KT,87,41,45,1,0.477,17.5,9승1무0패,9승,28-0-15,13-1-30
2019,20190705,7,삼성,84,35,49,0,0.417,22.5,3승0무7패,5패,21-0-20,14-0-29
2019,20190705,8,KIA,86,35,50,1,0.412,23,3승0무7패,1승,21-0-22,14-1-28
2019,20190705,9,한화,84,32,52,0,0.381,25.5,2승0무8패,7패,20-0-22,12-0-30
2019,20190705,10,롯데,85,31,52,2,0.373,26,3승1무6패,4패,19-1-21,12-1-31
2019,20190718,1,SK,96,64,31,1,0.674,0,6승0무4패,1패,32-1-16,32-0-15
2019,20190718,2,키움,98,59,39,0,0.602,6.5,8승0무2패,3승,34-0-17,25-0-22
2019,20190718,3,두산,97,57,40,0,0.588,8,5승0무5패,3패,30-0-20,27-0-20
2019,20190718,4,LG,95,52,42,1,0.553,11.5,4승0무6패,1승,28-1-18,24-0-24
2019,20190718,5,NC,94,47,46,1,0.505,16,5승1무4패,3승,25-1-21,22-0-25
2019,20190718,6,KT,97,47,49,1,0.490,17.5,6승0무4패,5승,28-0-17,19-1-32
2019,20190718,7,삼성,94,39,54,1,0.419,24,4승1무5패,5패,23-0-20,16-1-34
2019,20190718,8,KIA,95,39,55,1,0.415,24.5,5승0무5패,1패,25-0-25,14-1-30
2019,20190718,9,한화,94,35,59,0,0.372,28.5,3승0무7패,4패,22-0-27,13-0-32
2019,20190718,10,롯데,94,34,58,2,0.370,28.5,3승0무7패,1승,21-1-24,13-1-34
2019,20190731,1,SK,101,67,33,1,0.670,0,7승0무3패,2패,32-1-18,35-0-15
2019,20190731,2,키움,103,63,40,0,0.612,5.5,7승0무3패,2승,36-0-18,27-0-22
2019,20190731,3,두산,100,59,41,0,0.590,8,5승0무5패,1패,31-0-20,28-0-21
2019,20190731,4,LG,99,54,44,1,0.551,12,5승0무5패,2패,28-1-20,26-0-24
2019,20190731,5,NC,99,49,49,1,0.500,17,5승0무5패,1승,26-1-22,23-0-27
2019,20190731,6,KT,101,48,52,1,0.480,19,6승0무4패,1패,29-0-20,19-1-32
2019,20190731,7,삼성,99,43,55,1,0.439,23,4승0무6패,1패,27-0-21,16-1-34
2019,20190731,8,KIA,98,41,56,1,0.423,24.5,5승0무5패,2승,25-0-25,16-1-31
2019,20190731,9,한화,99,36,63,0,0.364,30.5,2승0무8패,1승,22-0-27,14-0-36
2019,20190731,10,롯데,99,35,62,2,0.361,30.5,3승0무7패,1승,21-1-27,14-1-35
2019,20190813,1,SK,111,73,37,1,0.664,0,6승0무4패,1승,35-1-19,38-0-18
2019,20190813,2,두산,110,65,45,0,0.591,8,6승0무4패,2승,34-0-21,31-0-24
2019,20190813,3,키움,112,66,46,0,0.589,8,4승0무6패,2패,38-0-22,28-0-24
2019,20190813,4,LG,109,60,48,1,0.556,12,6승0무4패,2승,32-1-22,28-0-26
2019,20190813,5,NC,108,54,53,1,0.505,17.5,6승0무4패,3승,30-1-24,24-0-29
2019,20190813,6,KT,111,52,58,1,0.473,21,4승0무6패,2패,30-0-22,22-1-36
2019,20190813,7,KIA,108,47,60,1,0.439,24.5,6승0무4패,2패,30-0-27,17-1-33
2019,20190813,8,삼성,108,45,62,1,0.421,26.5,2승0무8패,1패,28-0-25,17-1-37
2019,20190813,9,롯데,108,41,65,2,0.387,30,7승0무3패,1승,24-1-28,17-1-37
2019,20190813,10,한화,109,40,69,0,0.367,32.5,4승0무6패,1패,23-0-29,17-0-40
2019,20190908,1,SK,129,82,46,1,0.641,0,4승0무6패,1패,42-1-21,40-0-25
2019,20190908,2,두산,127,77,50,0,0.606,4.5,7승0무3패,2패,41-0-22,36-0-28
2019,20190908,3,키움,134,80,53,1,0.602,4.5,7승0무3패,3승,44-1-25,36-0-28
2019,20190908,4,LG,127,70,56,1,0.556,11,6승0무4패,3승,38-1-26,32-0-30
2019,20190908,5,KT,130,64,64,2,0.500,18,6승0무4패,2승,36-1-25,28-1-39
2019,20190908,5,NC,129,64,64,1,0.500,18,4승0무6패,1패,37-1-28,27-0-36
2019,20190908,7,KIA,130,56,72,2,0.438,26,6승0무4패,3패,35-0-33,21-2-39
2019,20190908,8,삼성,128,54,73,1,0.425,27.5,5승0무5패,1승,32-0-31,22-1-42
2019,20190908,9,한화,130,49,81,0,0.377,34,5승0무5패,1패,27-0-37,22-0-44
2019,20190908,10,롯데,130,45,82,3,0.354,36.5,2승0무8패,1승,27-1-34,18-2-48
2019,20190921,1,SK,138,84,53,1,0.613,0,2승0무8패,5패,43-1-27,41-0-26
2019,20190921,2,두산,137,83,54,0,0.606,1,6승0무4패,4승,45-0-24,38-0-30
2019,20190921,3,키움,141,84,56,1,0.600,1.5,7승0무3패,1승,45-1-26,39-0-30
2019,20190921,4,LG,136,76,59,1,0.563,7,7승0무3패,1패,40-1-26,36-0-33
2019,20190921,5,NC,137,71,65,1,0.522,12.5,8승0무2패,2승,40-1-28,31-0-37
2019,20190921,6,KT,139,67,70,2,0.489,17,4승0무6패,1패,37-1-29,30-1-41
2019,20190921,7,KIA,140,59,79,2,0.428,25.5,3승0무7패,3패,37-0-33,22-2-46
2019,20190921,8,삼성,138,58,79,1,0.423,26,4승0무6패,1승,35-0-34,23-1-45
2019,20190921,9,한화,138,55,83,0,0.399,29.5,7승0무3패,3승,31-0-39,24-0-44
2019,20190921,10,롯데,138,48,87,3,0.356,35,4승0무6패,2패,29-1-37,19-2-50
2020,20200514,1,NC,8,7,1,0,0.875,0,7승0무1패,3승,4-0-1,3-0-0
2020,20200514,2,롯데,8,6,2,0,0.750,1,6승0무2패,1패,3-0-2,3-0-0
2020,20200514,3,키움,9,6,3,0,0.667,1.5,6승0무3패,2패,4-0-2,2-0-1
2020,20200514,4,두산,8,5,3,0,0.625,2,5승0무3패,1승,1-0-1,4-0-2
2020,20200514,4,LG,8,5,3,0,0.625,2,5승0무3패,4승,4-0-2,1-0-1
2020,20200514,6,KIA,9,4,5,0,0.444,3.5,4승0무5패,1패,1-0-2,3-0-3
2020,20200514,6,삼성,9,4,5,0,0.444,3.5,4승0무5패,2승,2-0-4,2-0-1
2020,20200514,8,한화,9,3,6,0,0.333,4.5,3승0무6패,1승,1-0-2,2-0-4
2020,20200514,9,SK,8,1,7,0,0.125,6,1승0무7패,6패,1-0-2,0-0-5
2020,20200514,9,KT,8,1,7,0,0.125,6,1승0무7패,4패,0-0-3,1-0-4
2020,20200527,1,NC,19,16,3,0,0.842,0,8승0무2패,4승,8-0-2,8-0-1
2020,20200527,2,LG,19,13,6,0,0.684,3,7승0무3패,3승,8-0-4,5-0-2
2020,20200527,3,두산,19,12,7,0,0.632,4,6승0무4패,2승,4-0-3,8-0-4
2020,20200527,4,KIA,20,11,9,0,0.550,5.5,7승0무3패,1패,5-0-4,6-0-5
2020,20200527,5,롯데,19,10,9,0,0.526,6,4승0무6패,1패,6-0-4,4-0-5
2020,20200527,6,키움,20,10,10,0,0.500,6.5,4승0무6패,3패,6-0-3,4-0-7
2020,20200527,7,KT,19,8,11,0,0.421,8,6승0무4패,1승,6-0-5,2-0-6
2020,20200527,8,삼성,20,7,13,0,0.350,9.5,3승0무7패,1승,4-0-8,3-0-5
2020,20200527,8,한화,20,7,13,0,0.350,9.5,3승0무7패,4패,3-0-5,4-0-8
2020,20200527,10,SK,19,3,16,0,0.158,13,2승0무8패,2패,2-0-7,1-0-9
2020,20200609,1,NC,30,24,6,0,0.800,0,7승0무3패,6승,12-0-3,12-0-3
2020,20200609,2,두산,30,19,11,0,0.633,5,7승0무3패,1패,9-0-5,10-0-6
2020,20200609,3,LG,30,18,12,0,0.600,6,4승0무6패,1패,9-0-7,9-0-5
2020,20200609,4,키움,31,18,13,0,0.581,6.5,8승0무2패,1승,10-0-5,8-0-8
2020,20200609,5,KIA,31,16,15,0,0.516,8.5,5승0무5패,1승,9-0-6,7-0-9
2020,20200609,6,롯데,30,15,15,0,0.500,9,5승0무5패,4승,10-0-5,5-0-10
2020,20200609,7,삼성,31,13,18,0,0.419,11.5,5승0무5패,1패,6-0-10,7-0-8
2020,20200609,8,SK,30,11,19,0,0.367,13,7승0무3패,1승,7-0-8,4-0-11
2020,20200609,8,KT,30,11,19,0,0.367,13,2승0무8패,5패,8-0-8,3-0-11
2020,20200609,10,한화,31,7,24,0,0.226,17.5,0승0무10패,15패,3-0-12,4-0-12
2020,20200705,1,NC,52,36,16,0,0.692,0,6승0무4패,2승,20-0-9,16-0-7
2020,20200705,2,키움,54,33,21,0,0.611,4,6승0무4패,1패,19-0-8,14-0-13
2020,20200705,3,두산,53,31,22,0,0.585,5.5,4승0무6패,1승,13-0-10,18-0-12
2020,20200705,4,LG,53,29,24,0,0.547,7.5,4승0무6패,1승,14-0-16,15-0-8
2020,20200705,5,KIA,50,27,23,0,0.540,8,4승0무6패,2패,15-0-7,12-0-16
2020,20200705,6,삼성,54,29,25,0,0.537,8,7승0무3패,1패,17-0-13,12-0-12
2020,20200705,7,KT,53,25,28,0,0.472,11.5,7승0무3패,1승,14-0-13,11-0-15
2020,20200705,8,롯데,51,24,27,0,0.471,11.5,4승0무6패,1패,15-0-9,9-0-18
2020,20200705,9,SK,53,16,37,0,0.302,20.5,4승0무6패,1승,10-0-17,6-0-20
2020,20200705,10,한화,53,13,40,0,0.245,23.5,3승0무7패,1패,6-0-18,7-0-22
2020,20200718,1,NC,62,41,19,2,0.683,0,5승2무3패,2승,21-1-9,20-1-10
2020,20200718,2,두산,63,37,26,0,0.587,5.5,6승0무4패,1승,17-0-12,20-0-14
2020,20200718,3,키움,65,38,27,0,0.585,5.5,5승0무5패,1승,23-0-10,15-0-17
2020,20200718,4,KIA,61,33,28,0,0.541,8.5,6승0무4패,1패,20-0-10,13-0-18
2020,20200718,5,LG,63,33,29,1,0.532,9,4승1무5패,2승,16-1-17,17-0-12
2020,20200718,6,삼성,64,34,30,0,0.531,9,5승0무5패,3승,21-0-14,13-0-16
2020,20200718,7,KT,63,31,31,1,0.500,11,6승1무3패,1패,18-0-14,13-1-17
2020,20200718,8,롯데,61,29,32,0,0.475,12.5,5승0무5패,2패,18-0-11,11-0-21
2020,20200718,9,SK,64,20,44,0,0.313,23,4승0무6패,1패,12-0-20,8-0-24
2020,20200718,10,한화,64,17,47,0,0.266,26,3승0무7패,3패,9-0-21,8-0-26
2020,20200731,1,NC,69,45,22,2,0.672,0,6승1무3패,1승,24-1-9,21-1-13
2020,20200731,2,키움,73,42,31,0,0.575,6,5승0무5패,4승,24-0-12,18-0-19
2020,20200731,3,두산,71,40,31,0,0.563,7,4승0무6패,4패,19-0-16,21-0-15
2020,20200731,4,KIA,68,38,30,0,0.559,7.5,6승0무4패,1승,22-0-12,16-0-18
2020,20200731,5,LG,72,39,32,1,0.549,8,7승0무3패,1패,17-1-18,22-0-14
2020,20200731,6,KT,70,36,33,1,0.522,10,6승1무3패,4승,22-0-15,14-1-18
2020,20200731,7,삼성,71,35,36,0,0.493,12,4승0무6패,1패,22-0-17,13-0-19
2020,20200731,8,롯데,68,33,35,0,0.485,12.5,5승0무5패,1패,19-0-12,14-0-23
2020,20200731,9,SK,73,24,48,1,0.333,23.5,4승1무5패,4패,14-0-23,10-1-25
2020,20200731,10,한화,73,19,53,1,0.264,28.5,2승1무7패,1승,9-1-25,10-0-28
2020,20200813,1,NC,77,48,27,2,0.640,0,4승0무6패,1승,24-1-11,24-1-16
2020,20200813,2,키움,84,50,34,0,0.595,2.5,7승0무3패,2승,30-0-15,20-0-19
2020,20200813,3,두산,81,45,34,2,0.570,5,5승2무3패,1패,20-2-18,25-0-16
2020,20200813,4,LG,82,45,36,1,0.556,6,6승0무4패,2승,20-1-19,25-0-17
2020,20200813,5,KIA,78,41,37,0,0.526,8.5,3승0무7패,2패,24-0-15,17-0-22
2020,20200813,6,롯데,76,39,36,1,0.520,9,7승1무2패,1패,22-0-13,17-1-23
2020,20200813,7,KT,78,40,37,1,0.519,9,6승0무4패,2패,24-0-17,16-1-20
2020,20200813,8,삼성,81,38,42,1,0.475,12.5,3승1무6패,1승,23-0-21,15-1-21
2020,20200813,9,SK,81,27,53,1,0.338,23.5,3승0무7패,2승,15-0-26,12-1-27
2020,20200813,10,한화,80,21,58,1,0.266,29,4승0무6패,2패,10-1-27,11-0-31
2020,20200826,1,NC,88,53,33,2,0.616,0,5승0무5패,2승,27-1-15,26-1-18
2020,20200826,2,키움,95,56,39,0,0.589,1.5,6승0무4패,1패,32-0-17,24-0-22
2020,20200826,3,두산,92,51,39,2,0.567,4,6승0무4패,1패,23-2-22,28-0-17
2020,20200826,4,LG,93,52,40,1,0.565,4,6승0무4패,1승,22-1-21,30-0-19
2020,20200826,5,KT,89,48,40,1,0.545,6,7승0무3패,1승,27-0-18,21-1-22
2020,20200826,6,롯데,87,45,41,1,0.523,8,5승0무5패,1승,25-0-17,20-1-24
2020,20200826,7,KIA,89,46,43,0,0.517,8.5,4승0무6패,1승,27-0-17,19-0-26
2020,20200826,8,삼성,92,42,49,1,0.462,13.5,3승0무7패,1패,24-0-26,18-1-23
2020,20200826,9,SK,92,31,60,1,0.341,24.5,4승0무6패,1패,18-0-29,13-1-31
2020,20200826,10,한화,91,25,65,1,0.278,30,4승0무6패,2패,12-1-30,13-0-35
2020,20200908,1,NC,98,58,37,3,0.611,0,5승1무4패,1승,31-1-16,27-2-21
2020,20200908,2,키움,106,62,44,0,0.585,1.5,5승0무5패,1승,34-0-21,28-0-23
2020,20200908,3,LG,103,58,42,3,0.580,2.5,6승2무2패,2패,26-3-21,32-0-21
2020,20200908,4,두산,102,56,43,3,0.566,4,5승1무4패,3승,27-2-22,29-1-21
2020,20200908,5,KT,100,55,44,1,0.556,5,7승0무3패,1패,31-0-18,24-1-26
2020,20200908,6,KIA,100,54,46,0,0.540,6.5,8승0무2패,3승,30-0-18,24-0-28
2020,20200908,7,롯데,98,49,48,1,0.505,10,4승0무6패,1패,29-0-22,20-1-26
2020,20200908,8,삼성,100,46,53,1,0.465,14,5승0무5패,1패,27-0-27,19-1-26
2020,20200908,9,SK,103,32,70,1,0.314,29.5,0승0무10패,10패,19-0-32,13-1-38
2020,20200908,10,한화,100,28,71,1,0.283,32,3승0무7패,1승,14-1-33,14-0-38
2020,20201004,1,NC,123,76,43,4,0.639,0,8승1무1패,2승,42-2-20,34-2-23
2020,20201004,2,KT,124,70,53,1,0.569,8,6승0무4패,1패,40-0-23,30-1-30
2020,20201004,3,키움,130,72,57,1,0.558,9,2승0무8패,2패,37-1-28,35-0-29
2020,20201004,4,LG,126,68,55,3,0.553,10,4승0무6패,1승,31-3-27,37-0-28
2020,20201004,5,두산,125,66,55,4,0.545,11,6승0무4패,3승,35-2-27,31-2-28
2020,20201004,6,KIA,121,64,57,0,0.529,13,5승0무5패,3패,32-0-25,32-0-32
2020,20201004,7,롯데,122,63,58,1,0.521,14,6승0무4패,4승,36-0-25,27-1-33
2020,20201004,8,삼성,125,54,68,3,0.443,23.5,4승1무5패,2패,30-1-34,24-2-34
2020,20201004,9,SK,126,42,83,1,0.336,37,4승0무6패,2승,23-0-38,19-1-45
2020,20201004,10,한화,124,38,84,2,0.311,39.5,4승0무6패,3패,21-1-39,17-1-45
2021,20210418,1,NC,13,8,5,0,0.615,0,7승0무3패,1패,3-0-4,5-0-1
2021,20210418,1,LG,13,8,5,0,0.615,0,6승0무4패,2패,3-0-3,5-0-2
2021,20210418,3,삼성,14,8,6,0,0.571,0.5,8승0무2패,2승,5-0-1,3-0-5
2021,20210418,4,두산,13,7,6,0,0.538,1,4승0무6패,2승,4-0-3,3-0-3
2021,20210418,4,KT,13,7,6,0,0.538,1,5승0무5패,4승,5-0-2,2-0-4
2021,20210418,4,SSG,13,7,6,0,0.538,1,5승0무5패,2승,6-0-4,1-0-2
2021,20210418,7,KIA,13,6,7,0,0.462,2,4승0무6패,2패,2-0-4,4-0-3
2021,20210418,8,롯데,13,5,8,0,0.385,3,4승0무6패,2패,2-0-4,3-0-4
2021,20210418,8,한화,13,5,8,0,0.385,3,4승0무6패,1승,2-0-1,3-0-7
2021,20210418,10,키움,14,5,9,0,0.357,3.5,3승0무7패,5패,3-0-5,2-0-4
2021,20210501,1,삼성,25,15,10,0,0.600,0,7승0무3패,2승,10-0-4,5-0-6
2021,20210501,2,KT,24,14,10,0,0.583,0.5,6승0무4패,3승,8-0-4,6-0-6
2021,20210501,3,LG,24,13,11,0,0.542,1.5,5승0무5패,2패,6-0-6,7-0-5
2021,20210501,3,SSG,24,13,11,0,0.542,1.5,5승0무5패,1승,7-0-6,6-0-5
2021,20210501,5,두산,24,12,12,0,0.500,2.5,5승0무5패,1패,7-0-5,5-0-7
2021,20210501,5,KIA,24,12,12,0,0.500,2.5,5승0무5패,2패,6-0-6,6-0-6
2021,20210501,7,NC,24,11,13,0,0.458,3.5,3승0무7패,2패,4-0-8,7-0-5
2021,20210501,8,키움,25,11,14,0,0.440,4,6승0무4패,2승,6-0-8,5-0-6
2021,20210501,9,롯데,24,10,14,0,0.417,4.5,4승0무6패,3패,4-0-7,6-0-7
2021,20210501,9,한화,24,10,14,0,0.417,4.5,4승0무6패,2승,5-0-4,5-0-10
2021,20210514,1,삼성,35,21,14,0,0.600,0,6승0무4패,1패,13-0-5,8-0-9
2021,20210514,2,NC,34,19,15,0,0.559,1.5,8승0무2패,4승,7-0-9,12-0-6
2021,20210514,2,LG,34,19,15,0,0.559,1.5,6승0무4패,2승,9-0-7,10-0-8
2021,20210514,4,두산,34,18,16,0,0.529,2.5,6승0무4패,1승,9-0-9,9-0-7
2021,20210514,4,KT,34,18,16,0,0.529,2.5,4승0무6패,1승,11-0-8,7-0-8
2021,20210514,4,SSG,34,18,16,0,0.529,2.5,5승0무5패,2패,9-0-8,9-0-8
2021,20210514,7,키움,35,16,19,0,0.457,5,5승0무5패,1패,8-0-9,8-0-10
2021,20210514,8,KIA,34,15,19,0,0.441,5.5,3승0무7패,2패,8-0-10,7-0-9
2021,20210514,9,한화,34,14,20,0,0.412,6.5,4승0무6패,1승,6-0-8,8-0-12
2021,20210514,10,롯데,34,13,21,0,0.382,7.5,3승0무7패,1패,6-0-12,7-0-9
2021,20210527,1,SSG,42,24,18,0,0.571,0,6승0무4패,1패,12-0-9,12-0-9
2021,20210527,2,삼성,44,25,19,0,0.568,0,4승0무6패,1패,15-0-8,10-0-11
2021,20210527,3,KT,42,23,19,0,0.548,1,6승0무4패,1승,14-0-9,9-0-10
2021,20210527,4,LG,44,24,20,0,0.545,1,5승0무5패,2승,12-0-9,12-0-11
2021,20210527,5,두산,42,22,20,0,0.524,2,5승0무5패,1패,12-0-11,10-0-9
2021,20210527,6,키움,44,23,21,0,0.523,2,7승0무3패,2패,13-0-9,10-0-12
2021,20210527,7,NC,43,22,21,0,0.512,2.5,4승0무6패,1승,9-0-10,13-0-11
2021,20210527,8,KIA,42,18,24,0,0.429,6,3승0무7패,2승,10-0-12,8-0-12
2021,20210527,9,한화,43,18,25,0,0.419,6.5,5승0무5패,1승,9-0-10,9-0-15
2021,20210527,10,롯데,42,15,27,0,0.357,9,3승0무7패,4패,6-0-15,9-0-12
2021,20210609,1,LG,54,31,23,0,0.574,0,7승0무3패,4승,17-0-11,14-0-12
2021,20210609,2,KT,52,29,23,0,0.558,1,6승0무4패,2승,15-0-11,14-0-12
2021,20210609,2,SSG,52,29,23,0,0.558,1,5승0무5패,2패,13-0-12,16-0-11
2021,20210609,4,삼성,54,30,24,0,0.556,1,5승0무5패,1패,17-0-11,13-0-13
2021,20210609,5,두산,52,28,24,0,0.538,2,6승0무4패,1승,14-0-12,14-0-12
2021,20210609,6,NC,53,27,25,1,0.519,3,5승1무4패,3패,12-0-12,15-1-13
2021,20210609,7,키움,55,27,28,0,0.491,4.5,4승0무6패,1승,15-0-13,12-0-15
2021,20210609,8,KIA,52,22,30,0,0.423,8,4승0무6패,1승,12-0-16,10-0-14
2021,20210609,9,한화,53,21,32,0,0.396,9.5,3승0무7패,1패,11-0-15,10-0-17
2021,20210609,10,롯데,53,20,32,1,0.385,10,5승0무5패,1패,7-1-18,13-0-14
2021,20210622,1,LG,65,39,26,0,0.600,0,8승0무2패,5승,22-0-13,17-0-13
2021,20210622,2,KT,62,36,26,0,0.581,1.5,7승0무3패,3승,21-0-13,15-0-13
2021,20210622,3,삼성,65,37,28,0,0.569,2,6승0무4패,1승,21-0-12,16-0-16
2021,20210622,4,SSG,62,35,27,0,0.565,2.5,6승0무4패,1패,15-0-14,20-0-13
2021,20210622,5,NC,63,32,30,1,0.516,5.5,5승0무5패,1승,14-0-15,18-1-15
2021,20210622,6,두산,64,33,31,0,0.516,5.5,5승0무5패,1승,16-0-14,17-0-17
2021,20210622,7,키움,66,31,35,0,0.470,8.5,4승0무6패,1패,16-0-15,15-0-20
2021,20210622,8,한화,65,26,39,0,0.400,13,4승0무6패,3패,16-0-18,10-0-21
2021,20210622,9,롯데,64,25,38,1,0.397,13,4승0무6패,1패,11-1-21,14-0-17
2021,20210622,10,KIA,62,24,38,0,0.387,13.5,2승0무8패,5패,13-0-18,11-0-20
2021,20210705,1,KT,72,44,28,0,0.611,0,8승0무2패,1패,24-0-15,20-0-13
2021,20210705,2,LG,75,43,32,0,0.573,2.5,4승0무6패,2승,24-0-16,19-0-16
2021,20210705,2,삼성,76,43,32,1,0.573,2.5,5승1무4패,3승,24-0-14,19-1-18
2021,20210705,4,SSG,74,40,32,2,0.556,4,3승2무5패,1승,20-1-17,20-1-15
2021,20210705,5,NC,72,36,34,2,0.514,7,5승1무4패,3패,16-1-17,20-1-17
2021,20210705,6,키움,77,39,38,0,0.506,7.5,7승0무3패,1승,21-0-16,18-0-22
2021,20210705,7,두산,73,35,38,0,0.479,9.5,3승0무7패,2패,16-0-19,19-0-19
2021,20210705,8,롯데,75,32,42,1,0.432,13,6승0무4패,1패,12-1-22,20-0-20
2021,20210705,9,KIA,71,28,43,0,0.394,15.5,4승0무6패,3승,16-0-19,12-0-24
2021,20210705,10,한화,75,27,48,0,0.360,18.5,1승0무9패,2패,16-0-23,11-0-25
2021,20210813,1,KT,79,46,33,0,0.582,0,4승0무6패,1승,25-0-15,21-0-18
2021,20210813,2,LG,78,45,33,0,0.577,0.5,5승0무5패,1패,26-0-17,19-0-16
2021,20210813,3,삼성,83,46,36,1,0.561,1.5,6승0무4패,1패,27-0-17,19-1-19
2021,20210813,4,키움,84,44,40,0,0.524,4.5,6승0무4패,1패,26-0-18,18-0-22
2021,20210813,5,SSG,83,42,39,2,0.519,5,3승0무7패,3패,21-1-20,21-1-19
2021,20210813,6,NC,78,39,37,2,0.513,5.5,4승0무6패,2승,17-1-19,22-1-18
2021,20210813,7,두산,78,38,40,0,0.487,7.5,5승0무5패,1승,17-0-20,21-0-20
2021,20210813,8,롯데,82,36,45,1,0.444,11,6승0무4패,1승,12-1-22,24-0-23
2021,20210813,9,KIA,77,33,43,1,0.434,11.5,8승1무1패,8승,19-1-19,14-0-24
2021,20210813,10,한화,82,29,52,1,0.358,18,3승1무6패,3패,16-0-25,13-1-27
2021,20210826,1,KT,89,53,35,1,0.602,0,7승1무2패,2승,30-1-16,23-0-19
2021,20210826,2,LG,87,48,37,2,0.565,3.5,3승2무5패,1승,28-1-18,20-1-19
2021,20210826,3,삼성,93,50,40,3,0.556,4,4승2무4패,1패,29-1-17,21-2-23
2021,20210826,4,키움,93,48,44,1,0.522,7,4승1무5패,1패,28-1-19,20-0-25
2021,20210826,5,NC,86,42,40,4,0.512,8,5승2무3패,2패,19-1-21,23-3-19
2021,20210826,6,SSG,92,44,44,4,0.500,9,2승2무6패,5패,23-2-21,21-2-23
2021,20210826,7,두산,88,42,45,1,0.483,10.5,4승1무5패,3승,19-1-23,23-0-22
2021,20210826,8,롯데,91,40,49,2,0.449,13.5,5승1무4패,1패,15-1-24,25-1-25
2021,20210826,9,KIA,86,36,46,4,0.439,14,4승3무3패,1승,21-2-21,15-2-25
2021,20210826,10,한화,93,33,56,4,0.371,20.5,4승2무4패,1승,17-2-27,16-2-29
2021,20210908,1,KT,99,59,38,2,0.608,0,6승1무3패,3승,32-2-17,27-0-21
2021,20210908,2,LG,96,53,41,2,0.564,4.5,6승0무4패,4패,32-1-21,21-1-20
2021,20210908,3,삼성,104,56,45,3,0.554,5,6승0무4패,3패,32-1-20,24-2-25
2021,20210908,4,SSG,102,50,48,4,0.510,9.5,6승0무4패,1승,29-2-22,21-2-26
2021,20210908,5,키움,103,52,50,1,0.510,9.5,4승0무6패,1패,32-1-20,20-0-30
2021,20210908,6,NC,97,47,46,4,0.505,10,4승0무6패,1패,22-1-23,25-3-23
2021,20210908,7,롯데,100,46,51,3,0.474,13,6승2무2패,2승,18-2-25,28-1-26
2021,20210908,8,두산,98,45,51,2,0.469,13.5,3승1무6패,2승,21-1-24,24-1-27
2021,20210908,9,KIA,95,37,52,6,0.416,18,1승3무6패,3패,21-2-23,16-4-29
2021,20210908,10,한화,104,38,61,5,0.384,22,5승1무4패,1승,21-3-28,17-2-33
2021,20210921,1,KT,111,66,41,4,0.617,0,7승1무2패,3승,35-3-18,31-1-23
2021,20210921,2,삼성,116,61,47,8,0.565,5.5,4승4무2패,3승,34-3-22,27-5-25
2021,20210921,3,LG,108,57,47,4,0.548,7.5,2승2무6패,1패,35-1-22,22-3-25
2021,20210921,4,NC,109,53,52,4,0.505,12,6승0무4패,3패,26-1-27,27-3-25
2021,20210921,4,두산,110,53,52,5,0.505,12,6승3무1패,4승,26-3-25,27-2-27
2021,20210921,6,키움,115,56,56,3,0.500,12.5,2승2무6패,6패,34-3-22,22-0-34
2021,20210921,7,SSG,114,53,54,7,0.495,13,2승3무5패,1승,31-3-24,22-4-30
2021,20210921,8,롯데,113,52,58,3,0.473,15.5,5승0무5패,1패,20-2-29,32-1-29
2021,20210921,9,KIA,108,41,61,6,0.402,22.5,3승0무7패,2패,23-2-28,18-4-33
2021,20210921,10,한화,116,42,66,8,0.389,24.5,4승3무3패,1승,23-5-30,19-3-36
2022,20220405,1,LG,3,3,0,0,1.000,0,3승0무0패,3승,0-0-0,3-0-0
2022,20220405,1,SSG,3,3,0,0,1.000,0,3승0무0패,3승,0-0-0,3-0-0
2022,20220405,3,두산,3,2,1,0,0.667,1,2승0무1패,1패,2-0-1,0-0-0
2022,20220405,3,삼성,3,2,1,0,0.667,1,2승0무1패,2승,0-0-0,2-0-1
2022,20220405,3,롯데,3,2,1,0,0.667,1,2승0무1패,1승,0-0-0,2-0-1
2022,20220405,6,KT,3,1,2,0,0.333,2,1승0무2패,2패,1-0-2,0-0-0
2022,20220405,6,키움,3,1,2,0,0.333,2,1승0무2패,1패,1-0-2,0-0-0
2022,20220405,6,KIA,3,1,2,0,0.333,2,1승0무2패,1승,1-0-2,0-0-0
2022,20220405,9,NC,3,0,3,0,0.000,3,0승0무3패,3패,0-0-3,0-0-0
2022,20220405,9,한화,3,0,3,0,0.000,3,0승0무3패,3패,0-0-0,0-0-3
2022,20220501,1,SSG,26,19,6,1,0.760,0,5승1무4패,1패,10-0-2,9-1-4
2022,20220501,2,롯데,25,15,9,1,0.625,3.5,7승1무2패,4승,5-1-6,10-0-3
2022,20220501,3,키움,26,15,11,0,0.577,4.5,5승0무5패,2승,7-0-7,8-0-4
2022,20220501,4,두산,25,14,11,0,0.560,5,5승0무5패,1승,7-0-7,7-0-4
2022,20220501,5,LG,26,14,12,0,0.538,5.5,4승0무6패,3패,3-0-9,11-0-3
2022,20220501,6,KT,25,11,14,0,0.440,8,6승0무4패,2패,5-0-8,6-0-6
2022,20220501,7,삼성,26,11,15,0,0.423,8.5,5승0무5패,3승,4-0-8,7-0-7
2022,20220501,8,KIA,25,10,15,0,0.400,9,3승0무7패,5패,5-0-8,5-0-7
2022,20220501,9,한화,26,10,16,0,0.385,9.5,6승0무4패,2승,6-0-6,4-0-10
2022,20220501,10,NC,26,8,18,0,0.308,11.5,3승0무7패,2패,5-0-9,3-0-9
2022,20220514,1,SSG,37,25,11,1,0.694,0,5승0무5패,1승,13-0-4,12-1-7
2022,20220514,2,LG,37,22,15,0,0.595,3.5,7승0무3패,1승,8-0-12,14-0-3
2022,20220514,3,두산,35,20,15,0,0.571,4.5,6승0무4패,1패,8-0-9,12-0-6
2022,20220514,3,롯데,36,20,15,1,0.571,4.5,5승0무5패,2승,7-1-10,13-0-5
2022,20220514,5,삼성,36,19,17,0,0.528,6,8승0무2패,3승,9-0-10,10-0-7
2022,20220514,6,키움,37,19,18,0,0.514,6.5,3승0무7패,2승,8-0-12,11-0-6
2022,20220514,7,KIA,36,18,18,0,0.500,7,8승0무2패,1패,9-0-10,9-0-8
2022,20220514,8,KT,36,16,20,0,0.444,9,4승0무6패,3패,7-0-11,9-0-9
2022,20220514,9,NC,37,11,26,0,0.297,14.5,2승0무8패,1패,5-0-12,6-0-14
2022,20220514,9,한화,37,11,26,0,0.297,14.5,1승0무9패,9패,6-0-11,5-0-15
2022,20220527,1,SSG,48,33,13,2,0.717,0,8승1무1패,5승,18-0-6,15-2-7
2022,20220527,2,키움,48,28,20,0,0.583,6,8승0무2패,4승,10-0-13,18-0-7
2022,20220527,3,LG,48,27,21,0,0.563,7,4승0무6패,1승,10-0-15,17-0-6
2022,20220527,4,KIA,47,26,21,0,0.553,7.5,8승0무2패,1패,11-0-12,15-0-9
2022,20220527,5,두산,46,23,22,1,0.511,9.5,3승1무6패,2승,9-1-13,14-0-9
2022,20220527,6,삼성,47,23,24,0,0.489,10.5,3승0무7패,4패,11-0-15,12-0-9
2022,20220527,7,롯데,47,22,24,1,0.478,11,2승0무8패,4패,7-1-14,15-0-10
2022,20220527,8,KT,47,21,26,0,0.447,12.5,5승0무5패,1패,8-0-15,13-0-11
2022,20220527,9,한화,48,17,31,0,0.354,17,5승0무5패,1승,10-0-14,7-0-17
2022,20220527,10,NC,48,15,33,0,0.313,19,3승0무7패,3패,7-0-17,8-0-16
2022,20220609,1,SSG,59,36,20,3,0.643,0,3승1무6패,2패,19-0-8,17-3-12
2022,20220609,2,키움,58,34,23,1,0.596,2.5,6승1무3패,1패,13-1-15,21-0-8
2022,20220609,3,LG,58,32,25,1,0.561,4.5,5승1무4패,1패,13-0-17,19-1-8
2022,20220609,4,KIA,57,31,25,1,0.554,5,5승1무4패,1승,13-0-14,18-1-11
2022,20220609,5,삼성,57,28,29,0,0.491,8.5,5승0무5패,1패,12-0-16,16-0-13
2022,20220609,6,두산,56,27,28,1,0.491,8.5,4승0무6패,1승,11-1-17,16-0-11
2022,20220609,7,KT,58,26,30,2,0.464,10,5승2무3패,1승,10-1-17,16-1-13
2022,20220609,8,롯데,57,25,30,2,0.455,10.5,3승1무6패,1승,9-2-19,16-0-11
2022,20220609,9,한화,58,22,36,0,0.379,15,5승0무5패,1패,12-0-17,10-0-19
2022,20220609,10,NC,58,21,36,1,0.368,15.5,6승1무3패,2승,11-1-19,10-0-17
2022,20220622,1,SSG,70,43,24,3,0.642,0,6승0무4패,1승,23-0-9,20-3-15
2022,20220622,2,키움,69,41,27,1,0.603,2.5,6승0무4패,2승,16-1-18,25-0-9
2022,20220622,3,LG,69,40,28,1,0.588,3.5,7승0무3패,3승,19-0-19,21-1-9
2022,20220622,4,KIA,67,35,31,1,0.530,7.5,4승0무6패,1패,16-0-19,19-1-12
2022,20220622,5,KT,69,33,34,2,0.493,10,6승0무4패,1패,13-1-19,20-1-15
2022,20220622,6,삼성,68,32,36,0,0.471,11.5,4승0무6패,2패,13-0-20,19-0-16
2022,20220622,7,두산,67,31,35,1,0.470,11.5,4승0무6패,1패,12-1-19,19-0-16
2022,20220622,8,롯데,67,30,35,2,0.462,12,5승0무5패,1승,11-2-23,19-0-12
2022,20220622,9,NC,68,27,39,2,0.409,15.5,6승1무3패,1승,14-2-20,13-0-19
2022,20220622,10,한화,68,22,45,1,0.328,21,0승1무9패,10패,12-0-19,10-1-26
2022,20220705,1,SSG,79,51,25,3,0.671,0,9승0무1패,5승,30-0-9,21-3-16
2022,20220705,2,키움,80,51,28,1,0.646,1.5,9승0무1패,9승,22-1-18,29-0-10
2022,20220705,3,LG,77,46,30,1,0.605,5,8승0무2패,2승,22-0-20,24-1-10
2022,20220705,4,KT,78,39,37,2,0.513,12,6승0무4패,4승,17-1-21,22-1-16
2022,20220705,5,KIA,77,38,38,1,0.500,13,3승0무7패,7패,17-0-19,21-1-19
2022,20220705,6,삼성,78,35,43,0,0.449,17,3승0무7패,4패,14-0-24,21-0-19
2022,20220705,7,롯데,77,33,41,3,0.446,17,3승1무6패,2패,13-3-25,20-0-16
2022,20220705,8,두산,76,32,42,2,0.432,18,1승1무8패,5패,13-1-22,19-1-20
2022,20220705,9,NC,75,30,43,2,0.411,19.5,5승0무5패,3승,16-2-20,14-0-23
2022,20220705,10,한화,77,24,52,1,0.316,27,2승0무8패,5패,14-0-23,10-1-29
2022,20220731,1,SSG,94,63,28,3,0.692,0,8승0무2패,2승,35-0-11,28-3-17
2022,20220731,2,키움,95,57,36,2,0.613,7,3승1무6패,3패,27-1-19,30-1-17
2022,20220731,3,LG,92,55,36,1,0.604,8,4승0무6패,1승,24-0-22,31-1-14
2022,20220731,4,KT,92,49,41,2,0.544,13.5,7승0무3패,1패,23-1-23,26-1-18
2022,20220731,5,KIA,92,47,44,1,0.516,16,5승0무5패,2패,22-0-24,25-1-20
2022,20220731,6,두산,91,40,49,2,0.449,22,6승0무4패,1패,18-1-27,22-1-22
2022,20220731,7,롯데,94,39,51,4,0.433,23.5,2승1무7패,1승,16-3-28,23-1-23
2022,20220731,8,NC,91,37,51,3,0.420,24.5,6승1무3패,2승,20-3-23,17-0-28
2022,20220731,9,삼성,94,38,54,2,0.413,25.5,3승2무5패,1패,16-2-31,22-0-23
2022,20220731,10,한화,93,28,63,2,0.308,35,3승1무6패,1승,17-0-27,11-2-36
2022,20220813,1,SSG,104,70,31,3,0.693,0,7승0무3패,1승,39-0-13,31-3-18
2022,20220813,2,LG,99,60,38,1,0.612,8.5,6승0무4패,3승,26-0-23,34-1-15
2022,20220813,3,키움,105,60,43,2,0.583,11,3승0무7패,1승,28-1-24,32-1-19
2022,20220813,4,KT,101,54,45,2,0.545,15,5승0무5패,2승,26-1-24,28-1-21
2022,20220813,5,KIA,101,50,50,1,0.500,19.5,3승0무7패,1승,24-0-26,26-1-24
2022,20220813,6,두산,100,44,54,2,0.449,24.5,4승0무6패,1패,20-1-31,24-1-23
2022,20220813,7,롯데,104,44,56,4,0.440,25.5,5승0무5패,1패,18-3-32,26-1-24
2022,20220813,8,NC,99,42,54,3,0.438,25.5,6승1무3패,1패,21-3-24,21-0-30
2022,20220813,9,삼성,102,42,58,2,0.420,27.5,4승1무5패,1패,18-2-31,24-0-27
2022,20220813,10,한화,101,31,68,2,0.313,38,4승0무6패,2패,19-0-30,12-2-38
2022,20220826,1,SSG,113,75,35,3,0.682,0,6승0무4패,2패,41-0-14,34-3-21
2022,20220826,2,LG,109,66,42,1,0.611,8,6승0무4패,1승,30-0-25,36-1-17
2022,20220826,3,KT,112,63,47,2,0.573,12,8승0무2패,5승,32-1-25,31-1-22
2022,20220826,4,키움,115,64,49,2,0.566,12.5,4승0무6패,3승,29-1-27,35-1-22
2022,20220826,5,KIA,111,55,55,1,0.500,20,5승0무5패,1패,26-0-28,29-1-27
2022,20220826,6,롯데,114,51,59,4,0.464,24,7승0무3패,1승,22-3-35,29-1-24
2022,20220826,7,NC,108,46,59,3,0.438,26.5,4승0무6패,4패,23-3-28,23-0-31
2022,20220826,8,두산,109,46,61,2,0.430,27.5,2승0무8패,4패,21-1-34,25-1-27
2022,20220826,9,삼성,112,45,65,2,0.409,30,3승0무7패,1패,18-2-32,27-0-33
2022,20220826,10,한화,111,35,74,2,0.321,39.5,4승0무6패,2승,22-0-34,13-2-40
2022,20220908,1,SSG,122,78,40,4,0.661,0,3승1무6패,1패,43-0-18,35-4-22
2022,20220908,2,LG,118,72,44,2,0.621,5,7승1무2패,2패,33-1-26,39-1-18
2022,20220908,3,키움,125,70,53,2,0.569,10.5,6승0무4패,1승,34-1-27,36-1-26
2022,20220908,4,KT,122,68,52,2,0.567,11,5승0무5패,1패,35-1-28,33-1-24
2022,20220908,5,KIA,121,60,60,1,0.500,19,5승0무5패,2승,28-0-32,32-1-28
2022,20220908,6,롯데,124,55,65,4,0.458,24,4승0무6패,1승,23-3-37,32-1-28
2022,20220908,7,NC,118,52,63,3,0.452,24.5,6승0무4패,3승,27-3-28,25-0-35
2022,20220908,8,삼성,121,52,67,2,0.437,26.5,7승0무3패,1패,23-2-33,29-0-34
2022,20220908,9,두산,118,48,68,2,0.414,29,2승0무8패,5패,22-1-37,26-1-31
2022,20220908,10,한화,121,38,81,2,0.319,40.5,3승0무7패,1승,24-0-35,14-2-46
2022,20220921,1,SSG,133,83,46,4,0.643,0,5승0무5패,1패,45-0-21,38-4-25
2022,20220921,2,LG,128,79,47,2,0.627,2.5,7승0무3패,2승,35-1-27,44-1-20
2022,20220921,3,키움,136,76,58,2,0.567,9.5,6승0무4패,1승,37-1-31,39-1-27
2022,20220921,4,KT,132,72,58,2,0.554,11.5,4승0무6패,1승,36-1-30,36-1-28
2022,20220921,5,KIA,132,62,69,1,0.473,22,1승0무9패,9패,28-0-38,34-1-31
2022,20220921,6,NC,129,59,67,3,0.468,22.5,6승0무4패,1승,29-3-30,30-0-37
2022,20220921,7,롯데,135,60,71,4,0.458,24,5승0무5패,2승,25-3-41,35-1-30
2022,20220921,8,삼성,132,59,71,2,0.454,24.5,6승0무4패,1패,28-2-35,31-0-36
2022,20220921,9,두산,129,54,73,2,0.425,28,5승0무5패,1패,26-1-40,28-1-33
2022,20220921,10,한화,132,43,87,2,0.331,40.5,5승0무5패,2패,26-0-39,17-2-48
2022,20221004,1,SSG,141,88,49,4,0.642,0,6승0무4패,1패,49-0-23,39-4-26
2022,20221004,2,LG,139,84,53,2,0.613,4,5승0무5패,3패,37-1-33,47-1-20
2022,20221004,3,KT,139,78,59,2,0.569,10,8승0무2패,5승,39-1-30,39-1-29
2022,20221004,4,키움,142,79,61,2,0.564,10.5,5승0무5패,1패,39-1-32,40-1-29
2022,20221004,5,KIA,140,68,71,1,0.489,21,6승0무4패,2승,29-0-39,39-1-32
2022,20221004,6,NC,139,64,72,3,0.471,23.5,5승0무5패,2승,32-3-33,32-0-39
2022,20221004,7,삼성,140,63,75,2,0.457,25.5,5승0무5패,1패,32-2-37,31-0-38
2022,20221004,7,롯데,142,63,75,4,0.457,25.5,5승0무5패,1패,26-3-42,37-1-33
2022,20221004,9,두산,140,58,80,2,0.420,30.5,3승0무7패,1승,27-1-40,31-1-40
2022,20221004,10,한화,142,45,95,2,0.321,44.5,2승0무8패,1승,27-0-44,18-2-51
2023,20230405,1,키움,4,3,1,0,0.750,0,3승0무1패,1승,3-0-1,0-0-0
2023,20230405,2,SSG,3,2,1,0,0.667,0.5,2승0무1패,1승,2-0-1,0-0-0
2023,20230405,2,삼성,3,2,1,0,0.667,0.5,2승0무1패,2승,2-0-1,0-0-0
2023,20230405,4,LG,4,2,2,0,0.500,1,2승0무2패,1패,0-0-0,2-0-2
2023,20230405,4,KT,2,1,1,0,0.500,1,1승0무1패,1패,1-0-1,0-0-0
2023,20230405,4,KIA,2,1,1,0,0.500,1,1승0무1패,1승,0-0-0,1-0-1
2023,20230405,4,NC,4,2,2,0,0.500,1,2승0무2패,1승,0-0-0,2-0-2
2023,20230405,4,두산,4,2,2,0,0.500,1,2승0무2패,1패,2-0-2,0-0-0
2023,20230405,9,롯데,3,1,2,0,0.333,1.5,1승0무2패,1패,0-0-0,1-0-2
2023,20230405,10,한화,3,0,3,0,0.000,2.5,0승0무3패,3패,0-0-0,0-0-3
2023,20230418,1,NC,15,10,5,0,0.667,0,8승0무2패,3승,5-0-1,5-0-4
2023,20230418,2,SSG,13,8,5,0,0.615,1,6승0무4패,3패,3-0-3,5-0-2
2023,20230418,3,LG,15,9,6,0,0.600,1,6승0무4패,2패,5-0-2,4-0-4
2023,20230418,4,두산,14,8,6,0,0.571,1.5,6승0무4패,2승,4-0-3,4-0-3
2023,20230418,5,KT,12,6,5,1,0.545,2,5승1무4패,2승,3-1-2,3-0-3
2023,20230418,6,키움,14,7,7,0,0.500,2.5,4승0무6패,1패,6-0-3,1-0-4
2023,20230418,7,롯데,13,6,7,0,0.462,3,5승0무5패,1승,4-0-3,2-0-4
2023,20230418,8,삼성,14,6,8,0,0.429,3.5,4승0무6패,2승,5-0-5,1-0-3
2023,20230418,9,한화,14,4,9,1,0.308,5,3승1무6패,2패,0-0-4,4-1-5
2023,20230418,10,KIA,12,3,9,0,0.250,5.5,2승0무8패,5패,2-0-4,1-0-5
2023,20230514,1,SSG,36,23,12,1,0.657,0,7승1무2패,1승,11-1-6,12-0-6
2023,20230514,2,롯데,30,19,11,0,0.633,1.5,7승0무3패,2승,11-0-5,8-0-6
2023,20230514,3,LG,35,22,13,0,0.629,1,7승0무3패,2승,11-0-7,11-0-6
2023,20230514,4,NC,34,18,16,0,0.529,4.5,6승0무4패,1승,5-0-6,13-0-10
2023,20230514,5,두산,34,17,16,1,0.515,5,5승0무5패,3승,10-1-6,7-0-10
2023,20230514,6,삼성,33,15,18,0,0.455,7,4승0무6패,2패,9-0-9,6-0-9
2023,20230514,7,KIA,31,14,17,0,0.452,7,4승0무6패,5패,9-0-8,5-0-9
2023,20230514,8,키움,36,16,20,0,0.444,7.5,3승0무7패,1패,12-0-8,4-0-12
2023,20230514,9,한화,34,12,20,2,0.375,9.5,6승1무3패,1패,5-0-11,7-2-9
2023,20230514,10,KT,33,9,22,2,0.290,12,2승0무8패,2패,5-1-11,4-1-11
2023,20230527,1,LG,46,29,16,1,0.644,0,7승1무2패,1패,15-1-8,14-0-8
2023,20230527,2,SSG,45,28,16,1,0.636,0.5,5승1무4패,1승,12-1-8,16-0-8
2023,20230527,3,롯데,41,26,15,0,0.634,1,6승0무4패,3승,14-0-8,12-0-7
2023,20230527,4,두산,44,22,21,1,0.512,6,5승0무5패,1패,12-1-8,10-0-13
2023,20230527,5,NC,44,22,22,0,0.500,6.5,4승0무6패,1패,8-0-10,14-0-12
2023,20230527,6,KIA,41,20,21,0,0.488,7,6승0무4패,1승,12-0-10,8-0-11
2023,20230527,7,삼성,43,18,25,0,0.419,10,3승0무7패,3패,9-0-13,9-0-12
2023,20230527,8,키움,47,19,28,0,0.404,11,3승0무7패,4패,13-0-12,6-0-16
2023,20230527,9,KT,44,16,26,2,0.381,11.5,6승0무4패,4승,9-1-13,7-1-13
2023,20230527,9,한화,45,16,26,3,0.381,11.5,4승1무5패,1승,8-0-14,8-3-12
2023,20230609,1,SSG,55,35,19,1,0.648,0,7승0무3패,1패,16-1-10,19-0-9
2023,20230609,2,LG,57,33,22,2,0.600,2.5,3승1무6패,2패,17-1-12,16-1-10
2023,20230609,3,롯데,52,30,22,0,0.577,4,4승0무6패,1승,16-0-12,14-0-10
2023,20230609,4,NC,53,29,24,0,0.547,5.5,7승0무3패,3승,10-0-11,19-0-13
2023,20230609,5,두산,53,27,25,1,0.519,7,5승0무5패,1패,15-1-9,12-0-16
2023,20230609,6,KIA,51,24,27,0,0.471,9.5,4승0무6패,1승,14-0-14,10-0-13
2023,20230609,7,삼성,54,23,31,0,0.426,12,4승0무6패,3패,11-0-16,12-0-15
2023,20230609,8,KT,54,22,30,2,0.423,12,6승0무4패,6승,12-1-14,10-1-16
2023,20230609,9,키움,58,23,34,1,0.404,13.5,3승1무6패,1패,15-1-13,8-0-21
2023,20230609,10,한화,55,20,32,3,0.385,14,4승0무6패,1승,12-0-17,8-3-15
2023,20230622,1,SSG,66,41,24,1,0.631,0,6승0무4패,3승,19-1-13,22-0-11
2023,20230622,2,LG,68,41,25,2,0.621,0.5,8승0무2패,2승,22-1-13,19-1-12
2023,20230622,3,NC,64,35,28,1,0.556,5,5승1무4패,2패,15-0-14,20-1-14
2023,20230622,4,롯데,63,32,31,0,0.508,8,2승0무8패,3패,17-0-14,15-0-17
2023,20230622,5,키움,69,32,35,2,0.478,10,8승1무1패,5승,17-1-14,15-1-21
2023,20230622,6,두산,64,30,33,1,0.476,10,3승0무7패,4패,16-1-13,14-0-20
2023,20230622,7,KT,65,29,34,2,0.460,11,7승0무3패,3승,17-1-17,12-1-17
2023,20230622,8,KIA,62,28,33,1,0.459,11,3승1무6패,2패,15-1-15,13-0-18
2023,20230622,9,한화,66,25,37,4,0.403,14.5,4승1무5패,2승,15-1-21,10-3-16
2023,20230622,10,삼성,65,26,39,0,0.400,15,2승0무8패,3패,13-0-19,13-0-20
2023,20230705,1,LG,77,47,28,2,0.627,0,7승0무3패,1패,26-1-16,21-1-12
2023,20230705,2,SSG,75,45,29,1,0.608,1.5,5승0무5패,1패,21-1-17,24-0-12
2023,20230705,3,두산,74,37,36,1,0.507,9,7승0무3패,4승,17-1-14,20-0-22
2023,20230705,4,NC,73,36,36,1,0.500,9.5,1승0무9패,5패,15-0-16,21-1-20
2023,20230705,4,롯데,72,36,36,0,0.500,9.5,4승0무6패,3패,20-0-16,16-0-20
2023,20230705,6,키움,79,38,39,2,0.494,10,6승0무4패,2승,21-1-18,17-1-21
2023,20230705,7,KT,73,34,37,2,0.479,11,7승0무3패,4승,20-1-17,14-1-20
2023,20230705,8,한화,74,32,38,4,0.457,12.5,9승0무1패,1승,18-1-21,14-3-17
2023,20230705,9,KIA,70,31,38,1,0.449,13,3승0무7패,1승,16-1-18,15-0-20
2023,20230705,10,삼성,75,28,47,0,0.373,19,2승0무8패,2패,14-0-23,14-0-24
2023,20230813,1,LG,98,61,35,2,0.635,0,8승0무2패,5승,33-1-18,28-1-17
2023,20230813,2,SSG,97,55,41,1,0.573,6,5승0무5패,2승,26-1-22,29-0-19
2023,20230813,3,KT,100,53,45,2,0.541,9,8승0무2패,2승,29-1-22,24-1-23
2023,20230813,4,NC,97,50,46,1,0.521,11,6승0무4패,2패,22-0-22,28-1-24
2023,20230813,5,두산,97,49,47,1,0.510,12,4승0무6패,2패,23-1-22,26-0-25
2023,20230813,6,KIA,93,45,46,2,0.495,13.5,5승1무4패,1패,22-2-21,23-0-25
2023,20230813,7,롯데,98,47,51,0,0.480,15,5승0무5패,1승,26-0-24,21-0-27
2023,20230813,8,한화,97,40,52,5,0.435,19,3승1무6패,2승,22-1-28,18-4-24
2023,20230813,9,삼성,100,41,58,1,0.414,21.5,5승0무5패,2패,20-0-30,21-1-28
2023,20230813,10,키움,107,42,62,3,0.404,23,1승0무9패,4패,23-2-28,19-1-34
2023,20230826,1,LG,107,65,40,2,0.619,0,5승0무5패,2패,34-1-18,31-1-22
2023,20230826,2,KT,110,61,47,2,0.565,5.5,8승0무2패,2승,30-1-23,31-1-24
2023,20230826,3,SSG,106,58,47,1,0.552,7,4승0무6패,1승,28-1-24,30-0-23
2023,20230826,4,NC,105,54,49,2,0.524,10,4승1무5패,2승,25-1-23,29-1-26
2023,20230826,5,두산,107,54,52,1,0.509,11.5,5승0무5패,1패,25-1-27,29-0-25
2023,20230826,6,KIA,103,51,50,2,0.505,12,6승0무4패,3승,26-2-22,25-0-28
2023,20230826,7,롯데,107,50,57,0,0.467,16,4승0무6패,6패,29-0-26,21-0-31
2023,20230826,8,삼성,109,47,61,1,0.435,19.5,6승0무4패,1승,25-0-33,22-1-28
2023,20230826,9,한화,106,42,58,6,0.420,20.5,3승1무6패,5패,23-1-31,19-5-27
2023,20230826,10,키움,118,47,68,3,0.409,23,4승0무6패,1패,26-2-31,21-1-37
2023,20230908,1,LG,116,70,44,2,0.614,0,5승0무5패,2승,36-1-20,34-1-24
2023,20230908,2,KT,119,65,52,2,0.556,6.5,5승0무5패,1승,33-1-25,32-1-27
2023,20230908,3,NC,114,61,51,2,0.545,8,8승0무2패,4승,30-1-23,31-1-28
2023,20230908,4,SSG,116,61,54,1,0.530,9.5,3승0무7패,3패,29-1-28,32-0-26
2023,20230908,5,KIA,111,57,52,2,0.523,10.5,8승0무2패,2패,28-2-23,29-0-29
2023,20230908,6,두산,114,57,56,1,0.504,12.5,5승0무5패,2승,27-1-29,30-0-27
2023,20230908,7,롯데,115,54,61,0,0.470,16.5,4승0무6패,1패,32-0-29,22-0-32
2023,20230908,8,한화,115,47,62,6,0.431,20.5,5승0무5패,3승,25-1-33,22-5-29
2023,20230908,9,삼성,118,50,67,1,0.427,21.5,4승0무6패,2패,27-0-35,23-1-32
2023,20230908,10,키움,128,51,74,3,0.408,24.5,4승0무6패,4패,29-2-32,22-1-42
2023,20230921,1,LG,125,76,47,2,0.618,0,7승0무3패,6승,39-1-20,37-1-27
2023,20230921,2,KT,129,71,55,3,0.563,6.5,6승1무3패,2승,35-2-26,36-1-29
2023,20230921,3,NC,122,66,54,2,0.550,8.5,7승0무3패,1패,33-1-25,33-1-29
2023,20230921,4,두산,124,65,58,1,0.528,11,8승0무2패,1승,31-1-31,34-0-27
2023,20230921,5,SSG,125,63,60,2,0.512,13,2승1무7패,1패,29-1-30,34-1-30
2023,20230921,6,KIA,121,60,59,2,0.504,14,3승0무7패,7패,31-2-28,29-0-31
2023,20230921,7,롯데,124,58,66,0,0.468,18.5,4승0무6패,2패,33-0-31,25-0-35
2023,20230921,8,한화,125,52,67,6,0.437,22,5승0무5패,1승,27-1-37,25-5-30
2023,20230921,9,삼성,127,53,73,1,0.421,24.5,3승0무7패,4패,29-0-37,24-1-36
2023,20230921,10,키움,134,53,78,3,0.405,27,2승0무8패,2승,30-2-35,23-1-43
2023,20231004,1,LG,136,83,51,2,0.619,0,7승0무3패,3승,43-1-22,40-1-29
2023,20231004,2,KT,139,75,61,3,0.551,9,4승0무6패,1승,37-2-29,38-1-32
2023,20231004,3,NC,134,70,62,2,0.530,12,3승0무7패,5패,36-1-28,34-1-34
2023,20231004,3,두산,134,70,62,2,0.530,12,5승1무4패,1패,34-1-33,36-1-29
2023,20231004,5,SSG,135,69,63,3,0.523,13,6승1무3패,4승,35-2-32,34-1-31
2023,20231004,6,KIA,134,66,66,2,0.500,16,5승0무5패,1패,32-2-30,34-0-36
2023,20231004,7,롯데,134,64,70,0,0.478,19,6승0무4패,1패,37-0-34,27-0-36
2023,20231004,8,한화,135,56,73,6,0.434,24.5,4승0무6패,3승,30-1-39,26-5-34
2023,20231004,9,삼성,137,58,78,1,0.426,26,5승0무5패,2패,30-0-39,28-1-39
2023,20231004,10,키움,140,56,81,3,0.409,28.5,5승0무5패,1승,31-2-36,25-1-45
2024,20240405,1,KIA,10,8,2,0,0.800,0,8승0무2패,3승,4-0-0,4-0-2
2024,20240405,2,한화,11,8,3,0,0.727,0.5,8승0무2패,1패,4-0-1,4-0-2
2024,20240405,3,SSG,12,8,4,0,0.667,1,6승0무4패,1패,5-0-3,3-0-1
2024,20240405,4,NC,11,7,4,0,0.636,1.5,6승0무4패,1승,4-0-1,3-0-3
2024,20240405,5,키움,9,5,4,0,0.556,2.5,5승0무4패,5승,3-0-1,2-0-3
2024,20240405,6,LG,12,6,5,1,0.545,2.5,5승1무4패,1패,5-1-3,1-0-2
2024,20240405,7,두산,12,5,7,0,0.417,4,4승0무6패,1승,1-0-2,4-0-5
2024,20240405,8,KT,12,3,9,0,0.250,6,3승0무7패,1승,2-0-6,1-0-3
2024,20240405,9,롯데,10,2,8,0,0.200,6,2승0무8패,2패,1-0-3,1-0-5
2024,20240405,9,삼성,11,2,8,1,0.200,6,1승1무8패,8패,0-0-5,2-1-3
2024,20240418,1,KIA,21,15,6,0,0.714,0,7승0무3패,1패,7-0-2,8-0-4
2024,20240418,2,NC,21,14,7,0,0.667,1,7승0무3패,1승,9-0-3,5-0-4
2024,20240418,3,SSG,23,14,9,0,0.609,2,6승0무4패,1승,9-0-5,5-0-4
2024,20240418,4,키움,20,12,8,0,0.600,2.5,6승0무4패,2패,9-0-3,3-0-5
2024,20240418,5,삼성,22,11,10,1,0.524,4,8승0무2패,4승,4-0-7,7-1-3
2024,20240418,6,LG,23,11,11,1,0.500,4.5,4승0무6패,1패,9-1-4,2-0-7
2024,20240418,7,한화,21,10,11,0,0.476,5,2승0무8패,1패,4-0-4,6-0-7
2024,20240418,8,두산,23,9,14,0,0.391,7,4승0무6패,3패,5-0-4,4-0-10
2024,20240418,9,KT,23,7,16,0,0.304,9,4승0무6패,2승,3-0-8,4-0-8
2024,20240418,10,롯데,21,5,16,0,0.238,10,2승0무8패,1승,3-0-6,2-0-10
2024,20240501,1,KIA,32,22,10,0,0.688,0,6승0무4패,1승,10-0-4,12-0-6
2024,20240501,2,NC,32,20,12,0,0.625,2,6승0무4패,1패,13-0-4,7-0-8
2024,20240501,3,삼성,33,19,13,1,0.594,3,8승0무2패,1승,6-0-8,13-1-5
2024,20240501,4,SSG,33,18,14,1,0.563,4,4승1무5패,1승,11-1-8,7-0-6
2024,20240501,5,LG,34,17,15,2,0.531,5,5승1무4패,1승,11-1-5,6-1-10
2024,20240501,6,키움,31,15,16,0,0.484,6.5,3승0무7패,2승,9-0-9,6-0-7
2024,20240501,7,두산,34,16,18,0,0.471,7,6승0무4패,1패,10-0-7,6-0-11
2024,20240501,8,한화,32,13,19,0,0.406,9,2승0무8패,1패,7-0-9,6-0-10
2024,20240501,9,KT,34,12,21,1,0.364,10.5,5승1무4패,1패,6-0-8,6-1-13
2024,20240501,10,롯데,31,8,22,1,0.267,13,3승1무6패,5패,6-1-9,2-0-13
2024,20240514,1,KIA,41,25,16,0,0.610,0,4승0무6패,2패,12-0-9,13-0-7
2024,20240514,2,NC,41,23,17,1,0.575,1.5,3승1무6패,2패,14-0-7,9-1-10
2024,20240514,3,두산,44,25,19,0,0.568,1.5,9승0무1패,9승,13-0-8,12-0-11
2024,20240514,4,삼성,42,23,18,1,0.561,2,5승0무5패,1패,7-0-11,16-1-7
2024,20240514,5,LG,44,23,19,2,0.548,2.5,6승0무4패,1패,13-1-9,10-1-10
2024,20240514,5,SSG,43,23,19,1,0.548,2.5,5승0무5패,2승,12-1-10,11-0-9
2024,20240514,7,KT,43,18,24,1,0.429,7.5,6승0무4패,1승,11-0-8,7-1-16
2024,20240514,8,키움,41,17,24,0,0.415,8,2승0무8패,1승,9-0-12,8-0-12
2024,20240514,9,한화,41,16,24,1,0.400,8.5,3승1무6패,1승,9-1-11,7-0-13
2024,20240514,10,롯데,40,13,26,1,0.333,11,5승0무5패,4패,9-1-12,4-0-14
2024,20240609,1,LG,66,38,26,2,0.594,0,7승0무3패,1패,18-1-11,20-1-15
2024,20240609,2,KIA,64,37,26,1,0.587,0.5,4승0무6패,1승,17-1-14,20-0-12
2024,20240609,3,두산,67,37,28,2,0.569,1.5,6승0무4패,1패,21-1-14,16-1-14
2024,20240609,4,삼성,64,34,29,1,0.540,3.5,6승0무4패,1승,14-0-16,20-1-13
2024,20240609,5,SSG,64,32,31,1,0.508,5.5,7승0무3패,1패,15-1-16,17-0-15
2024,20240609,6,NC,64,30,32,2,0.484,7,3승1무6패,2승,14-0-16,16-2-16
2024,20240609,7,한화,63,27,34,2,0.443,9.5,4승1무5패,2패,14-2-16,13-0-18
2024,20240609,8,롯데,62,26,34,2,0.433,10,6승0무4패,1승,18-1-15,8-1-19
2024,20240609,9,KT,64,27,36,1,0.429,10.5,3승0무7패,1승,15-0-16,12-1-20
2024,20240609,10,키움,62,25,37,0,0.403,12,3승0무7패,1패,13-0-20,12-0-17
2024,20240622,1,KIA,74,44,29,1,0.603,0,7승0무3패,2승,20-1-15,24-0-14
2024,20240622,2,삼성,74,41,32,1,0.562,3,7승0무3패,3승,20-0-17,21-1-15
2024,20240622,3,두산,77,42,33,2,0.560,3,5승0무5패,1패,24-1-17,18-1-16
2024,20240622,4,LG,76,41,33,2,0.554,3.5,3승0무7패,2패,20-1-13,21-1-20
2024,20240622,5,SSG,75,38,36,1,0.514,6.5,5승0무5패,1승,18-1-18,20-0-18
2024,20240622,6,NC,75,36,37,2,0.493,8,5승0무5패,1패,18-0-18,18-2-19
2024,20240622,7,한화,73,32,39,2,0.451,11,5승0무5패,2패,17-2-19,15-0-20
2024,20240622,8,롯데,73,31,40,2,0.437,12,5승0무5패,1승,20-1-16,11-1-24
2024,20240622,9,KT,74,31,42,1,0.425,13,4승0무6패,2승,17-0-20,14-1-22
2024,20240622,10,키움,73,29,44,0,0.397,15,3승0무7패,1패,15-0-23,14-0-21
2024,20240718,1,KIA,91,54,35,2,0.607,0,8승0무2패,3승,24-1-19,30-1-16
2024,20240718,2,LG,93,49,42,2,0.538,6,4승0무6패,3승,24-1-18,25-1-24
2024,20240718,3,삼성,92,48,42,2,0.533,6.5,4승0무6패,2패,24-0-20,24-2-22
2024,20240718,4,두산,95,49,44,2,0.527,7,5승0무5패,1승,28-1-21,21-1-23
2024,20240718,5,NC,89,44,43,2,0.506,9,7승0무3패,4승,25-0-19,19-2-24
2024,20240718,6,SSG,91,45,45,1,0.500,9.5,5승0무5패,2패,21-1-22,24-0-23
2024,20240718,7,KT,92,44,46,2,0.489,10.5,8승0무2패,5승,20-1-21,24-1-25
2024,20240718,8,롯데,88,38,47,3,0.447,14,3승0무7패,1패,25-2-19,13-1-28
2024,20240718,9,한화,90,38,50,2,0.432,15.5,3승0무7패,4패,21-2-24,17-0-26
2024,20240718,10,키움,89,37,52,0,0.416,17,3승0무7패,5패,22-0-29,15-0-23
2024,20240731,1,KIA,102,60,40,2,0.600,0,5승0무5패,2패,26-1-22,34-1-18
2024,20240731,2,LG,100,54,44,2,0.551,5,8승0무2패,1승,27-1-20,27-1-24
2024,20240731,3,삼성,102,52,48,2,0.520,8,4승0무6패,1패,27-0-23,25-2-25
2024,20240731,4,SSG,100,51,48,1,0.515,8.5,6승0무4패,5승,27-1-23,24-0-25
2024,20240731,5,두산,105,53,50,2,0.515,8.5,4승0무6패,2승,30-1-22,23-1-28
2024,20240731,6,KT,101,49,50,2,0.495,10.5,6승0무4패,2패,23-1-24,26-1-26
2024,20240731,7,NC,99,48,49,2,0.495,10.5,4승0무6패,1승,26-0-21,22-2-28
2024,20240731,8,한화,98,43,53,2,0.448,15,5승0무5패,5승,23-2-27,20-0-26
2024,20240731,9,롯데,98,41,54,3,0.432,16.5,3승0무7패,2패,25-2-21,16-1-33
2024,20240731,10,키움,99,42,57,0,0.424,17.5,5승0무5패,1패,25-0-31,17-0-26
2024,20240813,1,KIA,111,64,45,2,0.587,0,4승0무6패,1승,28-1-26,36-1-19
2024,20240813,2,LG,109,59,48,2,0.551,4,6승0무4패,5승,30-1-21,29-1-27
2024,20240813,3,삼성,112,59,51,2,0.536,5.5,7승0무3패,2승,32-0-25,27-2-26
2024,20240813,4,두산,114,58,54,2,0.518,7.5,6승0무4패,1패,32-1-25,26-1-29
2024,20240813,5,SSG,111,55,55,1,0.500,9.5,4승0무6패,2승,28-1-26,27-0-29
2024,20240813,6,KT,111,53,56,2,0.486,11,4승0무6패,3패,24-1-27,29-1-29
2024,20240813,7,NC,108,49,57,2,0.462,13.5,2승0무8패,6패,27-0-23,22-2-34
2024,20240813,8,롯데,105,47,55,3,0.461,13.5,7승0무3패,2승,28-2-21,19-1-34
2024,20240813,9,한화,108,48,58,2,0.453,14.5,5승0무5패,3패,25-2-31,23-0-27
2024,20240813,10,키움,109,48,61,0,0.440,16,6승0무4패,1패,27-0-34,21-0-27
2024,20240908,1,KIA,132,80,50,2,0.615,0,8승0무2패,4승,37-1-28,43-1-22
2024,20240908,2,삼성,132,73,57,2,0.562,7,7승0무3패,1승,39-0-31,34-2-26
2024,20240908,3,LG,130,68,60,2,0.531,11,5승0무5패,2승,36-1-29,32-1-31
2024,20240908,4,두산,132,65,65,2,0.500,15,3승0무7패,1승,33-1-31,32-1-34
2024,20240908,5,KT,131,64,65,2,0.496,15.5,5승0무5패,1패,27-1-32,37-1-33
2024,20240908,6,SSG,130,61,67,2,0.477,18,4승1무5패,2승,29-1-33,32-1-34
2024,20240908,7,한화,128,60,66,2,0.476,18,4승0무6패,2패,28-2-34,32-0-32
2024,20240908,8,롯데,127,57,66,4,0.463,19.5,5승1무4패,3패,33-3-26,24-1-40
2024,20240908,9,NC,128,58,68,2,0.460,20,6승0무4패,1패,32-0-32,26-2-36
2024,20240908,10,키움,130,54,76,0,0.415,26,1승0무9패,3패,30-0-40,24-0-36
2024,20240921,1,KIA,138,83,53,2,0.610,0,7승0무3패,2패,39-1-29,44-1-24
2024,20240921,2,삼성,139,76,61,2,0.555,7.5,5승0무5패,1패,39-0-31,37-2-30
2024,20240921,3,LG,139,72,65,2,0.526,11.5,5승0무5패,1승,37-1-32,35-1-33
2024,20240921,4,두산,139,70,67,2,0.511,13.5,6승0무4패,1패,37-1-31,33-1-36
2024,20240921,5,KT,140,69,69,2,0.500,15,5승0무5패,1패,31-1-35,38-1-34
2024,20240921,6,SSG,137,67,68,2,0.496,15.5,8승1무1패,5승,34-1-34,33-1-34
2024,20240921,7,롯데,136,62,70,4,0.470,19,5승0무5패,2패,36-3-29,26-1-41
2024,20240921,8,한화,137,63,72,2,0.467,19.5,3승0무7패,1승,28-2-36,35-0-36
2024,20240921,9,NC,136,60,74,2,0.448,22,3승0무7패,1패,34-0-35,26-2-39
2024,20240921,10,키움,137,57,80,0,0.416,26.5,3승0무7패,3패,31-0-41,26-0-39
2025,20250405,1,LG,10,9,1,0,0.900,0,9승0무1패,2승,6-0-0,3-0-1
2025,20250405,2,SSG,9,6,3,0,0.667,2.5,6승0무3패,2승,5-0-1,1-0-2
2025,20250405,3,삼성,12,7,5,0,0.583,3,5승0무5패,1패,4-0-3,3-0-2
2025,20250405,4,KT,11,5,5,1,0.500,4,5승1무4패,2패,4-0-3,1-1-2
2025,20250405,5,롯데,12,5,6,1,0.455,4.5,5승1무4패,1승,2-1-2,3-0-4
2025,20250405,6,NC,9,4,5,0,0.444,4.5,4승0무5패,1승,0-0-2,4-0-3
2025,20250405,7,두산,12,5,7,0,0.417,5,5승0무5패,1패,3-0-2,2-0-5
2025,20250405,7,키움,12,5,7,0,0.417,5,5승0무5패,1패,3-0-2,2-0-5
2025,20250405,9,KIA,11,4,7,0,0.364,5.5,3승0무7패,1패,3-0-4,1-0-3
2025,20250405,10,한화,12,4,8,0,0.333,6,3승0무7패,1승,2-0-3,2-0-5
2025,20250418,1,LG,21,17,4,0,0.810,0,7승0무3패,1승,11-0-2,6-0-2
2025,20250418,2,롯데,23,12,10,1,0.545,5.5,7승0무3패,4승,6-1-5,6-0-5
2025,20250418,3,한화,23,12,11,0,0.522,6,8승0무2패,5승,5-0-4,7-0-7
2025,20250418,4,삼성,22,11,11,0,0.500,6.5,4승0무6패,1패,7-0-5,4-0-6
2025,20250418,4,KT,21,10,10,1,0.500,6.5,5승0무5패,2패,8-0-4,2-1-6
2025,20250418,6,SSG,19,9,10,0,0.474,7,3승0무7패,5패,6-0-5,3-0-5
2025,20250418,7,두산,20,9,11,0,0.450,7.5,5승0무5패,2승,5-0-4,4-0-7
2025,20250418,8,KIA,21,9,12,0,0.429,8,5승0무5패,1패,6-0-6,3-0-6
2025,20250418,9,NC,17,7,10,0,0.412,8,4승0무6패,1패,1-0-4,6-0-6
2025,20250418,10,키움,23,8,15,0,0.348,10,3승0무7패,1승,5-0-5,3-0-10
2025,20250501,1,LG,31,20,11,0,0.645,0,3승0무7패,4패,12-0-4,8-0-7
2025,20250501,2,롯데,33,19,13,1,0.594,1.5,7승0무3패,3승,7-1-6,12-0-7
2025,20250501,2,한화,32,19,13,0,0.594,1.5,8승0무2패,4승,11-0-5,8-0-8
2025,20250501,4,삼성,32,18,13,1,0.581,2,7승1무2패,1패,13-0-6,5-1-7
2025,20250501,5,KT,32,16,14,2,0.533,3.5,5승1무4패,2승,9-0-6,7-2-8
2025,20250501,6,SSG,30,14,15,1,0.483,5,5승1무4패,1승,9-1-9,5-0-6
2025,20250501,7,KIA,30,14,16,0,0.467,5.5,5승0무5패,1패,9-0-8,5-0-8
2025,20250501,8,두산,31,12,18,1,0.400,7.5,3승1무6패,2패,6-1-10,6-0-8
2025,20250501,9,NC,27,10,17,0,0.370,8,3승0무7패,1승,1-0-4,9-0-13
2025,20250501,10,키움,34,11,23,0,0.324,10.5,3승0무7패,3패,6-0-12,5-0-11
2025,20250514,1,LG,42,28,14,0,0.667,0,8승0무2패,5승,16-0-5,12-0-9
2025,20250514,2,한화,42,27,15,0,0.643,1,8승0무2패,2패,14-0-7,13-0-8
2025,20250514,3,롯데,44,25,17,2,0.595,3,5승1무4패,1승,10-1-9,15-1-8
2025,20250514,4,NC,38,18,19,1,0.486,7.5,8승1무1패,1승,1-0-4,17-1-15
2025,20250514,5,삼성,43,20,22,1,0.476,8,1승0무9패,1패,15-0-12,5-1-10
2025,20250514,6,KT,43,19,21,3,0.475,8,3승1무6패,1승,11-1-12,8-2-9
2025,20250514,6,SSG,41,19,21,1,0.475,8,4승0무6패,1패,12-1-11,7-0-10
2025,20250514,8,KIA,40,18,22,0,0.450,9,4승0무6패,1패,10-0-11,8-0-11
2025,20250514,8,두산,42,18,22,2,0.450,9,6승1무3패,2승,8-2-13,10-0-9
2025,20250514,10,키움,45,13,32,0,0.289,16.5,1승0무9패,5패,7-0-17,6-0-15
2025,20250527,1,LG,53,34,18,1,0.654,0,5승1무4패,2승,19-0-7,15-1-11
2025,20250527,2,한화,53,31,22,0,0.585,3.5,4승0무6패,1패,17-0-11,14-0-11
2025,20250527,3,롯데,55,30,22,3,0.577,4,5승1무4패,2패,14-2-10,16-1-12
2025,20250527,4,KT,54,27,24,3,0.529,6.5,8승0무2패,4승,14-1-13,13-2-11
2025,20250527,5,삼성,54,27,26,1,0.509,7.5,6승0무4패,3승,19-0-13,8-1-13
2025,20250527,6,SSG,52,25,25,2,0.500,8,5승1무4패,1패,14-2-13,11-0-12
2025,20250527,6,NC,49,23,23,3,0.500,8,5승2무3패,1패,5-0-6,18-3-17
2025,20250527,8,KIA,51,25,26,0,0.490,8.5,6승0무4패,1승,15-0-11,10-0-15
2025,20250527,9,두산,53,21,29,3,0.420,12,2승1무7패,1패,10-3-16,11-0-13
2025,20250527,10,키움,56,14,42,0,0.250,22,1승0무9패,8패,7-0-23,7-0-19
2025,20250622,1,한화,73,43,29,1,0.597,0,6승1무3패,1승,24-1-12,19-0-17
2025,20250622,2,LG,74,42,30,2,0.583,1,4승1무5패,1승,24-0-15,18-2-15
2025,20250622,3,롯데,75,41,31,3,0.569,2,7승0무3패,4승,20-2-15,21-1-16
2025,20250622,4,KIA,73,38,33,2,0.535,4.5,7승1무2패,6승,22-1-14,16-1-19
2025,20250622,5,삼성,74,38,35,1,0.521,5.5,4승0무6패,3패,24-0-17,14-1-18
2025,20250622,6,SSG,73,36,34,3,0.514,6,4승1무5패,1패,19-3-16,17-0-18
2025,20250622,7,KT,75,37,35,3,0.514,6,4승0무6패,1패,21-1-19,16-2-16
2025,20250622,8,NC,71,32,35,4,0.478,8.5,6승0무4패,1승,8-0-12,24-4-23
2025,20250622,9,두산,74,29,42,3,0.408,13.5,4승0무6패,1패,14-3-20,15-0-22
2025,20250622,10,키움,76,21,53,2,0.284,23,1승1무8패,2패,12-1-29,9-1-24
2025,20250705,1,한화,83,48,33,2,0.593,0,5승1무4패,2승,25-2-13,23-0-20
2025,20250705,2,KIA,84,45,36,3,0.556,3,7승1무2패,3승,26-1-15,19-2-21
2025,20250705,3,LG,84,45,37,2,0.549,3.5,3승0무7패,4패,25-0-17,20-2-20
2025,20250705,3,롯데,85,45,37,3,0.549,3.5,4승0무6패,2패,23-2-18,22-1-19
2025,20250705,5,SSG,83,42,38,3,0.525,5.5,6승0무4패,2승,21-3-17,21-0-21
2025,20250705,6,KT,85,43,39,3,0.524,5.5,6승0무4패,1패,24-1-21,19-2-18
2025,20250705,7,삼성,84,43,40,1,0.518,6,5승0무5패,3승,27-0-18,16-1-22
2025,20250705,8,NC,81,36,40,5,0.474,9.5,4승1무5패,2패,11-0-16,25-5-24
2025,20250705,9,두산,84,33,48,3,0.407,15,4승0무6패,1승,17-3-24,16-0-24
2025,20250705,10,키움,87,26,58,3,0.310,23.5,4승1무5패,4패,16-2-32,10-1-26
2025,20250718,1,한화,88,53,33,2,0.616,0,8승1무1패,7승,28-2-13,25-0-20
2025,20250718,2,LG,89,49,38,2,0.563,4.5,5승0무5패,1승,28-0-18,21-2-20
2025,20250718,3,롯데,90,47,40,3,0.540,6.5,4승0무6패,2패,24-2-20,23-1-20
2025,20250718,4,KIA,88,45,40,3,0.529,7.5,5승0무5패,4패,26-1-16,19-2-24
2025,20250718,5,KT,90,45,42,3,0.517,8.5,5승0무5패,1패,24-1-22,21-2-20
2025,20250718,6,SSG,87,43,41,3,0.512,9,5승0무5패,2패,22-3-19,21-0-22
2025,20250718,7,NC,85,40,40,5,0.500,10,5승1무4패,4승,15-0-16,25-5-24
2025,20250718,8,삼성,88,43,44,1,0.494,10.5,4승0무6패,4패,27-0-19,16-1-25
2025,20250718,9,두산,88,36,49,3,0.424,16.5,6승0무4패,1승,18-3-24,18-0-25
2025,20250718,10,키움,91,27,61,3,0.307,27,3승0무7패,1승,16-2-33,11-1-28
2025,20250731,1,한화,99,59,37,3,0.615,0,5승1무4패,2승,31-2-16,28-1-21
2025,20250731,2,LG,100,58,40,2,0.592,2,9승0무1패,3승,32-0-19,26-2-21
2025,20250731,3,롯데,101,55,43,3,0.561,5,7승0무3패,1승,29-2-21,26-1-22
2025,20250731,4,SSG,98,48,46,4,0.511,10,5승1무4패,4승,24-4-21,24-0-25
2025,20250731,5,KT,101,50,48,3,0.510,10,5승0무5패,3패,26-1-25,24-2-23
2025,20250731,6,KIA,98,47,47,4,0.500,11,2승1무7패,1승,28-2-20,19-2-27
2025,20250731,7,삼성,98,48,49,1,0.495,11.5,5승0무5패,2패,30-0-20,18-1-29
2025,20250731,8,NC,95,44,46,5,0.489,12,4승0무6패,1패,18-0-19,26-5-27
2025,20250731,9,두산,99,41,53,5,0.436,17,4승2무4패,1패,20-4-27,21-1-26
2025,20250731,10,키움,101,28,69,4,0.289,31.5,1승1무8패,7패,17-2-35,11-2-34
2025,20250813,1,LG,110,66,42,2,0.611,0,8승0무2패,1승,36-0-21,30-2-21
2025,20250813,2,한화,108,63,42,3,0.600,1.5,5승0무5패,3승,34-2-18,29-1-24
2025,20250813,3,롯데,111,58,50,3,0.537,8,3승0무7패,5패,30-2-25,28-1-25
2025,20250813,4,SSG,107,54,49,4,0.524,9.5,7승0무3패,3승,26-4-23,28-0-26
2025,20250813,5,KIA,106,52,50,4,0.510,11,6승1무3패,2승,29-2-20,23-2-30
2025,20250813,6,KT,111,54,53,4,0.505,11.5,4승1무5패,1패,28-1-27,26-3-26
2025,20250813,7,NC,104,49,49,6,0.500,12,5승1무4패,3승,22-1-22,27-5-27
2025,20250813,8,삼성,109,51,57,1,0.472,15,3승0무7패,4패,30-0-25,21-1-32
2025,20250813,9,두산,109,45,59,5,0.433,19,4승0무6패,2패,21-4-30,24-1-29
2025,20250813,10,키움,111,33,74,4,0.308,32.5,5승0무5패,1패,19-2-39,14-2-35
2025,20250826,1,LG,120,73,44,3,0.624,0,7승1무2패,1패,38-1-21,35-2-23
2025,20250826,2,한화,119,68,48,3,0.586,4.5,4승0무6패,3승,37-2-22,31-1-26
2025,20250826,3,SSG,118,59,55,4,0.518,12.5,5승0무5패,1승,28-4-26,31-0-29
2025,20250826,4,롯데,122,60,57,5,0.513,13,2승2무6패,2승,31-3-27,29-2-30
2025,20250826,5,NC,115,55,54,6,0.505,14,6승0무4패,1승,28-1-26,27-5-28
2025,20250826,6,KT,121,59,58,4,0.504,14,5승0무5패,1패,29-1-29,30-3-29
2025,20250826,7,삼성,120,59,59,2,0.500,14.5,8승1무1패,4승,33-0-26,26-2-33
2025,20250826,8,KIA,117,54,59,4,0.478,17,1승0무9패,6패,30-2-25,24-2-34
2025,20250826,9,두산,120,52,63,5,0.452,20,6승0무4패,4패,25-4-34,27-1-29
2025,20250826,10,키움,122,38,80,4,0.322,35.5,4승0무6패,4패,21-2-41,17-2-39
2025,20250921,1,LG,137,83,51,3,0.619,0,5승0무5패,1패,41-1-27,42-2-24
2025,20250921,2,한화,137,80,54,3,0.597,3,7승0무3패,1패,41-2-26,39-1-28
2025,20250921,3,SSG,134,69,61,4,0.531,12,7승0무3패,2승,34-4-29,35-0-32
2025,20250921,4,삼성,137,69,66,2,0.511,14.5,5승0무5패,1패,37-0-30,32-2-36
2025,20250921,5,KT,138,68,66,4,0.507,15,5승0무5패,2승,35-1-35,33-3-31
2025,20250921,6,롯데,137,65,66,6,0.496,16.5,3승0무7패,1패,34-4-32,31-2-34
2025,20250921,7,NC,136,63,67,6,0.485,18,5승0무5패,1승,33-1-34,30-5-33
2025,20250921,8,KIA,136,62,70,4,0.470,20,4승0무6패,1패,33-2-31,29-2-39
2025,20250921,9,두산,137,57,74,6,0.435,24.5,1승0무9패,2패,27-4-38,30-2-36
2025,20250921,10,키움,139,47,88,4,0.348,36.5,6승0무4패,1승,23-2-43,24-2-45
2025,20251004,1,LG,144,85,56,3,0.603,0,4승0무6패,3패,41-1-29,44-2-27
2025,20251004,2,한화,144,83,57,4,0.593,1.5,5승1무4패,1패,44-2-27,39-2-30
2025,20251004,3,SSG,144,75,65,4,0.536,9.5,6승0무4패,2패,38-4-31,37-0-34
2025,20251004,4,삼성,144,74,68,2,0.521,11.5,7승0무3패,1패,41-0-30,33-2-38
2025,20251004,5,NC,144,71,67,6,0.514,12.5,9승0무1패,9승,36-1-34,35-5-33
2025,20251004,6,KT,144,71,68,5,0.511,13,5승1무4패,1승,36-2-35,35-3-33
2025,20251004,7,롯데,144,66,72,6,0.478,17.5,2승0무8패,3패,35-4-34,31-2-38
2025,20251004,8,KIA,144,65,75,4,0.464,19.5,4승0무6패,2승,35-2-34,30-2-41
2025,20251004,9,두산,144,61,77,6,0.442,22.5,5승0무5패,2승,29-4-40,32-2-37
2025,20251004,10,키움,144,47,93,4,0.336,37.5,3승0무7패,5패,23-2-46,24-2-47
