team,games,cur_wr,progress,win_rate,recent10_wr,streak_num,home_wr,away_wr,asof,fetched_at
KT,139,0.634,0.9653,0.634,0.7778,5,0.6418,0.6269,20261004,2026-10-05 00:18
삼성,138,0.607,0.9583,0.607,0.7,-1,0.6232,0.5909,20261004,2026-10-05 00:18
KIA,137,0.548,0.9514,0.548,0.6,2,0.597,0.5,20261004,2026-10-05 00:18
LG,138,0.547,0.9583,0.547,0.3,-7,0.5714,0.5224,20261004,2026-10-05 00:18
두산,140,0.526,0.9722,0.526,0.6,1,0.597,0.4559,20261004,2026-10-05 00:18
SSG,139,0.463,0.9653,0.463,0.7,1,0.4923,0.4348,20261004,2026-10-05 00:18
NC,139,0.46,0.9653,0.46,0.4,-1,0.4507,0.4697,20261004,2026-10-05 00:18
롯데,137,0.455,0.9514,0.455,0.7778,-1,0.4179,0.4925,20261004,2026-10-05 00:18
한화,140,0.404,0.9722,0.404,0.1,-5,0.3846,0.4225,20261004,2026-10-05 00:18
키움,141,0.358,0.9792,0.358,0.4444,2,0.3913,0.3235,20261004,2026-10-05 00:18
