year,date,team,games,progress,win_rate,recent10_wr,streak_num,home_wr,away_wr,final_win_rate
2015,20150405,KIA,6,0.042,1.0,1.0,6,1.0,1.0,0.465
2015,20150405,롯데,6,0.042,0.833,0.833,2,1.0,0.5,0.462
2015,20150405,NC,5,0.035,0.6,0.6,3,1.0,0.0,0.596
2015,20150405,삼성,7,0.049,0.571,0.571,-2,0.5,0.6,0.611
2015,20150405,SSG,6,0.042,0.5,0.5,2,0.0,0.6,0.486
2015,20150405,두산,6,0.042,0.5,0.5,-3,1.0,0.25,0.549
2015,20150405,LG,7,0.049,0.429,0.429,2,0.6,0.0,0.451
2015,20150405,키움,6,0.042,0.333,0.333,-2,0.4,0.0,0.545
2015,20150405,한화,6,0.042,0.333,0.333,-2,0.5,0.25,0.472
2015,20150405,KT,7,0.049,0.0,0.0,-7,0.0,0.0,0.364
2015,20150418,삼성,17,0.118,0.706,0.8,3,0.8,0.571,0.611
2015,20150418,SSG,16,0.111,0.625,0.7,1,0.625,0.625,0.486
2015,20150418,두산,16,0.111,0.625,0.7,4,0.857,0.444,0.549
2015,20150418,롯데,17,0.118,0.529,0.4,-3,0.8,0.143,0.462
2015,20150418,NC,16,0.111,0.5,0.4,-2,0.667,0.4,0.596
2015,20150418,KIA,16,0.111,0.5,0.2,-3,0.286,0.667,0.465
2015,20150418,한화,16,0.111,0.5,0.6,2,0.667,0.286,0.472
2015,20150418,LG,17,0.118,0.471,0.5,-1,0.6,0.286,0.451
2015,20150418,키움,16,0.111,0.438,0.5,2,0.375,0.5,0.545
2015,20150418,KT,17,0.118,0.118,0.2,-4,0.0,0.2,0.364
2015,20150501,삼성,27,0.188,0.667,0.6,3,0.786,0.538,0.611
2015,20150501,두산,25,0.174,0.64,0.7,-1,0.833,0.462,0.549
2015,20150501,SSG,25,0.174,0.56,0.5,2,0.6,0.533,0.486
2015,20150501,한화,25,0.174,0.56,0.7,2,0.769,0.333,0.472
2015,20150501,키움,26,0.181,0.538,0.7,1,0.385,0.692,0.545
2015,20150501,롯데,26,0.181,0.538,0.5,-1,0.846,0.231,0.462
2015,20150501,LG,27,0.188,0.481,0.5,-3,0.571,0.385,0.451
2015,20150501,KIA,26,0.181,0.462,0.4,-2,0.357,0.583,0.465
2015,20150501,NC,25,0.174,0.44,0.3,1,0.417,0.462,0.596
2015,20150501,KT,26,0.181,0.115,0.1,-7,0.071,0.167,0.364
2015,20150514,삼성,37,0.257,0.622,0.5,-1,0.722,0.526,0.611
2015,20150514,두산,34,0.236,0.618,0.5,-1,0.778,0.438,0.549
2015,20150514,SSG,34,0.236,0.588,0.7,1,0.6,0.579,0.486
2015,20150514,키움,37,0.257,0.541,0.5,1,0.421,0.667,0.545
2015,20150514,NC,35,0.243,0.529,0.778,-1,0.556,0.5,0.596
2015,20150514,한화,36,0.25,0.528,0.4,1,0.667,0.389,0.472
2015,20150514,KIA,36,0.25,0.5,0.6,4,0.5,0.5,0.465
2015,20150514,롯데,37,0.257,0.459,0.3,-1,0.684,0.222,0.462
2015,20150514,LG,37,0.257,0.444,0.333,2,0.529,0.368,0.451
2015,20150514,KT,37,0.257,0.189,0.4,-4,0.158,0.222,0.364
2015,20150527,NC,46,0.319,0.6,0.8,7,0.609,0.591,0.596
2015,20150527,삼성,47,0.326,0.596,0.5,-1,0.652,0.542,0.611
2015,20150527,두산,43,0.299,0.581,0.4,-2,0.739,0.4,0.549
2015,20150527,SSG,45,0.312,0.556,0.4,1,0.6,0.52,0.486
2015,20150527,키움,48,0.333,0.521,0.4,1,0.4,0.652,0.545
2015,20150527,롯데,48,0.333,0.521,0.7,-1,0.68,0.348,0.462
2015,20150527,한화,47,0.326,0.511,0.5,1,0.609,0.417,0.472
2015,20150527,KIA,46,0.319,0.5,0.5,-1,0.522,0.478,0.465
2015,20150527,LG,48,0.333,0.447,0.5,2,0.545,0.36,0.451
2015,20150527,KT,48,0.333,0.188,0.2,-2,0.16,0.217,0.364
2015,20150609,삼성,58,0.403,0.603,0.7,-3,0.643,0.567,0.611
2015,20150609,NC,57,0.396,0.589,0.5,3,0.567,0.615,0.596
2015,20150609,두산,54,0.375,0.574,0.6,2,0.692,0.464,0.549
2015,20150609,키움,59,0.41,0.552,0.667,-2,0.452,0.667,0.545
2015,20150609,한화,58,0.403,0.517,0.5,1,0.63,0.419,0.472
2015,20150609,SSG,56,0.389,0.509,0.333,-1,0.5,0.516,0.486
2015,20150609,롯데,58,0.403,0.5,0.4,-1,0.645,0.333,0.462
2015,20150609,KIA,56,0.389,0.5,0.5,1,0.519,0.483,0.465
2015,20150609,LG,59,0.41,0.431,0.4,-3,0.433,0.429,0.451
2015,20150609,KT,59,0.41,0.237,0.4,2,0.194,0.286,0.364
2015,20150622,NC,67,0.465,0.591,0.6,4,0.606,0.576,0.596
2015,20150622,삼성,67,0.465,0.582,0.4,2,0.576,0.588,0.611
2015,20150622,두산,64,0.444,0.578,0.6,1,0.677,0.485,0.549
2015,20150622,키움,69,0.479,0.559,0.6,1,0.472,0.656,0.545
2015,20150622,KIA,65,0.451,0.508,0.6,2,0.545,0.469,0.465
2015,20150622,한화,69,0.479,0.507,0.4,-5,0.606,0.417,0.472
2015,20150622,SSG,65,0.451,0.5,0.4,-2,0.467,0.529,0.486
2015,20150622,롯데,68,0.472,0.471,0.3,-1,0.606,0.343,0.462
2015,20150622,LG,69,0.479,0.441,0.5,-1,0.457,0.424,0.451
2015,20150622,KT,69,0.479,0.275,0.5,-3,0.243,0.312,0.364
2015,20150705,삼성,77,0.535,0.597,0.7,3,0.615,0.579,0.611
2015,20150705,NC,76,0.528,0.56,0.4,-2,0.595,0.526,0.596
2015,20150705,두산,75,0.521,0.56,0.4,-2,0.615,0.5,0.549
2015,20150705,키움,78,0.542,0.558,0.6,2,0.474,0.641,0.545
2015,20150705,한화,77,0.535,0.532,0.6,3,0.639,0.439,0.472
2015,20150705,SSG,76,0.528,0.507,0.6,1,0.457,0.55,0.486
2015,20150705,KIA,75,0.521,0.48,0.3,-4,0.526,0.432,0.465
2015,20150705,롯데,78,0.542,0.462,0.4,-1,0.561,0.351,0.462
2015,20150705,LG,80,0.556,0.443,0.5,-3,0.474,0.415,0.451
2015,20150705,KT,80,0.556,0.313,0.5,3,0.302,0.324,0.364
2015,20150731,삼성,93,0.646,0.602,0.7,5,0.633,0.568,0.611
2015,20150731,키움,93,0.646,0.565,0.7,5,0.511,0.622,0.545
2015,20150731,두산,91,0.632,0.56,0.4,-2,0.587,0.533,0.549
2015,20150731,NC,92,0.639,0.544,0.3,-5,0.568,0.522,0.596
2015,20150731,한화,93,0.646,0.516,0.4,-1,0.556,0.479,0.472
2015,20150731,SSG,90,0.625,0.5,0.444,1,0.512,0.489,0.486
2015,20150731,KIA,92,0.639,0.489,0.7,4,0.543,0.435,0.465
2015,20150731,롯데,95,0.66,0.474,0.6,1,0.542,0.404,0.462
2015,20150731,LG,94,0.653,0.441,0.4,-1,0.478,0.404,0.451
2015,20150731,KT,93,0.646,0.312,0.2,-5,0.333,0.289,0.364
2015,20150813,삼성,104,0.722,0.615,0.7,2,0.642,0.588,0.611
2015,20150813,NC,103,0.715,0.574,0.8,-1,0.6,0.549,0.596
2015,20150813,두산,101,0.701,0.564,0.6,1,0.604,0.521,0.549
2015,20150813,키움,104,0.722,0.544,0.4,1,0.519,0.569,0.545
2015,20150813,한화,104,0.722,0.51,0.5,-1,0.549,0.472,0.472
2015,20150813,KIA,102,0.708,0.49,0.5,-1,0.54,0.442,0.465
2015,20150813,SSG,100,0.694,0.49,0.4,-3,0.521,0.46,0.486
2015,20150813,롯데,105,0.729,0.457,0.3,2,0.549,0.37,0.462
2015,20150813,LG,105,0.729,0.442,0.4,1,0.46,0.426,0.451
2015,20150813,KT,104,0.722,0.317,0.3,-3,0.327,0.306,0.364
2015,20150826,삼성,113,0.785,0.611,0.6,-2,0.638,0.582,0.611
2015,20150826,NC,112,0.778,0.591,0.7,-1,0.585,0.596,0.596
2015,20150826,두산,111,0.771,0.559,0.5,2,0.579,0.537,0.549
2015,20150826,키움,114,0.792,0.531,0.4,1,0.534,0.527,0.545
2015,20150826,KIA,112,0.778,0.5,0.6,-1,0.564,0.439,0.465
2015,20150826,한화,114,0.792,0.491,0.3,1,0.536,0.448,0.472
2015,20150826,SSG,111,0.771,0.468,0.2,1,0.491,0.444,0.486
2015,20150826,롯데,114,0.792,0.465,0.6,-1,0.574,0.367,0.462
2015,20150826,LG,115,0.799,0.447,0.5,3,0.482,0.414,0.451
2015,20150826,KT,114,0.792,0.342,0.6,-2,0.367,0.315,0.364
2015,20150908,삼성,124,0.861,0.613,0.6,2,0.631,0.593,0.611
2015,20150908,NC,123,0.854,0.587,0.5,2,0.559,0.613,0.596
2015,20150908,두산,122,0.847,0.557,0.6,-3,0.607,0.508,0.549
2015,20150908,키움,125,0.868,0.556,0.9,1,0.557,0.556,0.545
2015,20150908,롯데,125,0.868,0.484,0.667,6,0.567,0.406,0.462
2015,20150908,한화,125,0.868,0.48,0.4,-1,0.532,0.429,0.472
2015,20150908,KIA,123,0.854,0.472,0.2,-2,0.517,0.429,0.465
2015,20150908,SSG,122,0.847,0.458,0.3,-1,0.483,0.433,0.486
2015,20150908,LG,126,0.875,0.435,0.333,1,0.468,0.403,0.451
2015,20150908,KT,125,0.868,0.36,0.5,-2,0.409,0.305,0.364
2015,20150921,삼성,134,0.931,0.612,0.6,3,0.629,0.594,0.611
2015,20150921,NC,133,0.924,0.595,0.7,-1,0.576,0.615,0.596
2015,20150921,키움,134,0.931,0.556,0.6,1,0.554,0.559,0.545
2015,20150921,두산,132,0.917,0.538,0.3,1,0.582,0.492,0.549
2015,20150921,롯데,135,0.938,0.478,0.4,-3,0.545,0.412,0.462
2015,20150921,SSG,134,0.931,0.477,0.6,-1,0.5,0.456,0.486
2015,20150921,KIA,133,0.924,0.474,0.5,1,0.515,0.433,0.465
2015,20150921,한화,136,0.944,0.463,0.3,-1,0.5,0.426,0.472
2015,20150921,LG,135,0.938,0.436,0.5,-1,0.47,0.403,0.451
2015,20150921,KT,134,0.931,0.373,0.5,1,0.426,0.318,0.364
2015,20151004,삼성,143,0.993,0.608,0.6,2,0.639,0.577,0.611
2015,20151004,NC,143,0.993,0.596,0.6,-1,0.571,0.62,0.596
2015,20151004,두산,144,1.0,0.549,0.6,2,0.569,0.528,0.549
2015,20151004,키움,144,1.0,0.545,0.4,-1,0.556,0.535,0.545
2015,20151004,SSG,144,1.0,0.486,0.6,1,0.521,0.451,0.486
2015,20151004,한화,144,1.0,0.472,0.6,-1,0.528,0.417,0.472
2015,20151004,KIA,142,0.986,0.472,0.5,-2,0.514,0.431,0.465
2015,20151004,롯데,144,1.0,0.462,0.2,1,0.514,0.408,0.462
2015,20151004,LG,143,0.993,0.447,0.6,1,0.471,0.423,0.451
2015,20151004,KT,143,0.993,0.364,0.3,-1,0.417,0.31,0.364
2016,20160405,KT,4,0.028,0.75,0.75,2,1.0,0.667,0.373
2016,20160405,두산,3,0.021,0.667,0.667,1,1.0,0.5,0.65
2016,20160405,KIA,3,0.021,0.667,0.667,2,1.0,0.5,0.49
2016,20160405,LG,3,0.021,0.667,0.667,-1,1.0,0.0,0.5
2016,20160405,키움,4,0.028,0.5,0.5,-1,0.667,0.0,0.538
2016,20160405,롯데,4,0.028,0.5,0.5,1,1.0,0.333,0.458
2016,20160405,삼성,3,0.021,0.333,0.333,-1,0.5,0.0,0.455
2016,20160405,NC,3,0.021,0.333,0.333,-2,0.5,0.0,0.589
2016,20160405,한화,3,0.021,0.333,0.333,1,1.0,0.0,0.468
2016,20160405,SSG,4,0.028,0.25,0.25,-2,0.333,0.0,0.479
2016,20160501,두산,25,0.174,0.75,0.7,2,0.769,0.727,0.65
2016,20160501,SSG,26,0.181,0.615,0.6,-1,0.667,0.545,0.479
2016,20160501,NC,24,0.167,0.542,0.6,3,0.556,0.533,0.589
2016,20160501,LG,23,0.16,0.522,0.5,1,0.636,0.417,0.5
2016,20160501,키움,25,0.174,0.5,0.4,1,0.5,0.5,0.538
2016,20160501,롯데,26,0.181,0.462,0.3,-3,0.467,0.455,0.458
2016,20160501,KT,26,0.181,0.462,0.5,-1,0.357,0.583,0.373
2016,20160501,삼성,24,0.167,0.458,0.5,-1,0.5,0.429,0.455
2016,20160501,KIA,23,0.16,0.391,0.3,-2,0.4,0.385,0.49
2016,20160501,한화,24,0.167,0.292,0.5,1,0.385,0.182,0.468
2016,20160514,두산,35,0.243,0.676,0.5,2,0.625,0.722,0.65
2016,20160514,NC,33,0.229,0.576,0.7,-2,0.571,0.579,0.589
2016,20160514,SSG,37,0.257,0.541,0.4,-2,0.619,0.438,0.479
2016,20160514,키움,35,0.243,0.529,0.6,-3,0.529,0.529,0.538
2016,20160514,삼성,35,0.243,0.486,0.6,1,0.5,0.471,0.455
2016,20160514,KT,35,0.243,0.486,0.5,2,0.421,0.562,0.373
2016,20160514,KIA,33,0.229,0.485,0.7,4,0.647,0.312,0.49
2016,20160514,LG,33,0.229,0.485,0.4,2,0.611,0.333,0.5
2016,20160514,롯데,36,0.25,0.472,0.5,-1,0.471,0.474,0.458
2016,20160514,한화,34,0.236,0.265,0.2,-3,0.4,0.158,0.468
2016,20160527,두산,46,0.319,0.733,0.9,4,0.739,0.727,0.65
2016,20160527,NC,43,0.299,0.571,0.556,1,0.579,0.565,0.589
2016,20160527,SSG,46,0.319,0.543,0.5,2,0.64,0.429,0.479
2016,20160527,키움,46,0.319,0.511,0.5,-2,0.542,0.476,0.538
2016,20160527,LG,42,0.292,0.5,0.6,-3,0.619,0.381,0.5
2016,20160527,롯데,46,0.319,0.478,0.5,-1,0.5,0.458,0.458
2016,20160527,KIA,44,0.306,0.477,0.4,-1,0.636,0.318,0.49
2016,20160527,삼성,46,0.319,0.457,0.4,-2,0.48,0.429,0.455
2016,20160527,KT,46,0.319,0.432,0.222,1,0.391,0.476,0.373
2016,20160527,한화,45,0.312,0.295,0.444,2,0.444,0.192,0.468
2016,20160609,두산,57,0.396,0.714,0.6,1,0.75,0.679,0.65
2016,20160609,NC,53,0.368,0.635,0.9,7,0.64,0.63,0.589
2016,20160609,키움,56,0.389,0.509,0.5,-3,0.519,0.5,0.538
2016,20160609,LG,53,0.368,0.5,0.556,2,0.615,0.385,0.5
2016,20160609,SSG,57,0.396,0.474,0.2,1,0.567,0.37,0.479
2016,20160609,롯데,56,0.389,0.464,0.4,-1,0.481,0.448,0.458
2016,20160609,삼성,57,0.396,0.456,0.4,-2,0.429,0.483,0.455
2016,20160609,KIA,54,0.375,0.434,0.222,1,0.538,0.333,0.49
2016,20160609,KT,57,0.396,0.418,0.4,-1,0.387,0.458,0.373
2016,20160609,한화,56,0.389,0.4,0.8,-1,0.538,0.276,0.468
2016,20160622,두산,67,0.465,0.727,0.8,3,0.75,0.706,0.65
2016,20160622,NC,62,0.431,0.672,0.9,-1,0.615,0.714,0.589
2016,20160622,키움,67,0.465,0.545,0.8,4,0.571,0.516,0.538
2016,20160622,SSG,68,0.472,0.485,0.6,1,0.514,0.455,0.479
2016,20160622,LG,63,0.438,0.468,0.3,-1,0.548,0.387,0.5
2016,20160622,롯데,67,0.465,0.448,0.4,1,0.467,0.432,0.458
2016,20160622,삼성,68,0.472,0.426,0.3,-4,0.382,0.471,0.455
2016,20160622,KIA,65,0.451,0.422,0.3,-1,0.471,0.367,0.49
2016,20160622,한화,65,0.451,0.406,0.4,1,0.531,0.281,0.468
2016,20160622,KT,66,0.458,0.406,0.3,-4,0.389,0.429,0.373
2016,20160705,두산,75,0.521,0.703,0.6,2,0.722,0.684,0.65
2016,20160705,NC,69,0.479,0.627,0.333,-1,0.552,0.684,0.589
2016,20160705,키움,77,0.535,0.553,0.6,5,0.595,0.5,0.538
2016,20160705,SSG,77,0.535,0.519,0.8,2,0.538,0.5,0.479
2016,20160705,롯데,74,0.514,0.473,0.7,4,0.515,0.439,0.458
2016,20160705,KIA,75,0.521,0.446,0.6,-4,0.5,0.389,0.49
2016,20160705,LG,73,0.507,0.444,0.3,-3,0.528,0.361,0.5
2016,20160705,KT,73,0.507,0.423,0.4,1,0.385,0.469,0.373
2016,20160705,삼성,76,0.528,0.421,0.3,1,0.395,0.447,0.455
2016,20160705,한화,73,0.507,0.394,0.333,-3,0.5,0.286,0.468
2016,20160731,두산,95,0.66,0.638,0.4,1,0.638,0.638,0.65
2016,20160731,NC,89,0.618,0.621,0.6,1,0.575,0.66,0.589
2016,20160731,키움,95,0.66,0.564,0.5,-1,0.608,0.512,0.538
2016,20160731,KIA,95,0.66,0.489,0.7,6,0.511,0.468,0.49
2016,20160731,SSG,97,0.674,0.485,0.3,-5,0.48,0.489,0.479
2016,20160731,롯데,94,0.653,0.468,0.4,-5,0.548,0.404,0.458
2016,20160731,한화,93,0.646,0.456,0.6,-1,0.545,0.37,0.468
2016,20160731,LG,92,0.639,0.44,0.5,-1,0.511,0.37,0.5
2016,20160731,삼성,93,0.646,0.424,0.5,1,0.413,0.435,0.455
2016,20160731,KT,93,0.646,0.418,0.5,3,0.4,0.439,0.373
2016,20160813,두산,106,0.736,0.629,0.5,3,0.623,0.635,0.65
2016,20160813,NC,98,0.681,0.615,0.6,1,0.614,0.615,0.589
2016,20160813,키움,105,0.729,0.558,0.5,-2,0.589,0.521,0.538
2016,20160813,SSG,107,0.743,0.495,0.6,3,0.491,0.5,0.479
2016,20160813,KIA,106,0.736,0.495,0.5,2,0.529,0.463,0.49
2016,20160813,LG,103,0.715,0.48,0.9,-1,0.56,0.404,0.5
2016,20160813,롯데,104,0.722,0.462,0.4,-1,0.551,0.382,0.458
2016,20160813,한화,104,0.722,0.455,0.5,-2,0.551,0.365,0.468
2016,20160813,삼성,103,0.715,0.431,0.5,1,0.423,0.44,0.455
2016,20160813,KT,102,0.708,0.38,0.1,-9,0.385,0.375,0.373
2016,20160826,두산,116,0.806,0.643,0.8,2,0.627,0.661,0.65
2016,20160826,NC,109,0.757,0.598,0.5,-1,0.592,0.603,0.589
2016,20160826,키움,115,0.799,0.561,0.6,-2,0.594,0.52,0.538
2016,20160826,SSG,118,0.819,0.492,0.4,-1,0.483,0.5,0.479
2016,20160826,KIA,115,0.799,0.491,0.5,2,0.518,0.466,0.49
2016,20160826,LG,114,0.792,0.487,0.6,2,0.556,0.424,0.5
2016,20160826,한화,114,0.792,0.45,0.4,1,0.519,0.386,0.468
2016,20160826,롯데,114,0.792,0.447,0.3,-2,0.545,0.356,0.458
2016,20160826,삼성,113,0.785,0.438,0.5,-2,0.436,0.439,0.455
2016,20160826,KT,112,0.778,0.391,0.5,1,0.379,0.404,0.373
2016,20160908,두산,126,0.875,0.648,0.7,2,0.641,0.656,0.65
2016,20160908,NC,118,0.819,0.595,0.5,-1,0.574,0.613,0.589
2016,20160908,키움,125,0.868,0.556,0.5,-3,0.603,0.5,0.538
2016,20160908,SSG,129,0.896,0.496,0.6,5,0.492,0.5,0.479
2016,20160908,KIA,125,0.868,0.492,0.5,1,0.524,0.459,0.49
2016,20160908,LG,125,0.868,0.476,0.3,-1,0.559,0.4,0.5
2016,20160908,롯데,123,0.854,0.455,0.5,1,0.557,0.355,0.458
2016,20160908,한화,124,0.861,0.455,0.5,1,0.526,0.391,0.468
2016,20160908,삼성,122,0.847,0.438,0.4,-2,0.443,0.433,0.455
2016,20160908,KT,123,0.854,0.388,0.4,-1,0.387,0.39,0.373
2016,20160921,두산,136,0.944,0.659,0.8,8,0.657,0.662,0.65
2016,20160921,NC,129,0.896,0.579,0.333,-1,0.552,0.603,0.589
2016,20160921,키움,136,0.944,0.548,0.5,-2,0.611,0.476,0.538
2016,20160921,LG,136,0.944,0.507,0.889,5,0.606,0.412,0.5
2016,20160921,KIA,136,0.944,0.496,0.6,4,0.529,0.463,0.49
2016,20160921,SSG,138,0.958,0.471,0.2,-8,0.471,0.471,0.479
2016,20160921,롯데,133,0.924,0.459,0.5,1,0.547,0.377,0.458
2016,20160921,한화,134,0.931,0.458,0.5,-4,0.523,0.394,0.468
2016,20160921,삼성,133,0.924,0.447,0.5,-4,0.455,0.439,0.455
2016,20160921,KT,133,0.924,0.374,0.2,1,0.377,0.371,0.373
2016,20161004,두산,143,0.993,0.648,0.6,1,0.648,0.648,0.65
2016,20161004,NC,140,0.972,0.591,0.7,-1,0.561,0.62,0.589
2016,20161004,키움,141,0.979,0.55,0.5,3,0.611,0.485,0.538
2016,20161004,LG,142,0.986,0.5,0.556,-1,0.58,0.423,0.5
2016,20161004,KIA,141,0.979,0.493,0.6,2,0.535,0.449,0.49
2016,20161004,SSG,142,0.986,0.479,0.3,3,0.479,0.479,0.479
2016,20161004,한화,142,0.986,0.46,0.4,1,0.507,0.414,0.468
2016,20161004,삼성,141,0.979,0.457,0.5,1,0.479,0.435,0.455
2016,20161004,롯데,141,0.979,0.454,0.4,-3,0.551,0.361,0.458
2016,20161004,KT,141,0.979,0.367,0.3,-5,0.394,0.338,0.373
2017,20170418,KIA,15,0.104,0.8,0.8,6,0.875,0.714,0.608
2017,20170418,롯데,15,0.104,0.6,0.5,-2,0.667,0.5,0.563
2017,20170418,KT,15,0.104,0.6,0.5,-2,0.667,0.556,0.347
2017,20170418,NC,15,0.104,0.533,0.6,2,0.556,0.5,0.56
2017,20170418,LG,15,0.104,0.533,0.3,-1,0.8,0.4,0.489
2017,20170418,SSG,15,0.104,0.533,0.8,6,0.5,0.6,0.524
2017,20170418,두산,15,0.104,0.429,0.333,-1,0.333,0.6,0.596
2017,20170418,한화,15,0.104,0.4,0.4,1,0.333,0.444,0.43
2017,20170418,키움,15,0.104,0.333,0.5,-5,0.333,0.333,0.486
2017,20170418,삼성,15,0.104,0.214,0.222,1,0.333,0.125,0.396
2017,20170501,KIA,26,0.181,0.692,0.6,-2,0.786,0.583,0.608
2017,20170501,NC,26,0.181,0.68,0.889,2,0.667,0.692,0.56
2017,20170501,LG,26,0.181,0.577,0.7,1,0.727,0.467,0.489
2017,20170501,SSG,26,0.181,0.538,0.5,1,0.533,0.545,0.524
2017,20170501,키움,26,0.181,0.5,0.8,4,0.5,0.5,0.486
2017,20170501,롯데,26,0.181,0.5,0.4,1,0.571,0.417,0.563
2017,20170501,두산,26,0.181,0.48,0.5,-1,0.5,0.455,0.596
2017,20170501,KT,26,0.181,0.462,0.2,-1,0.5,0.417,0.347
2017,20170501,한화,26,0.181,0.385,0.3,-3,0.273,0.467,0.43
2017,20170501,삼성,26,0.181,0.167,0.111,-1,0.273,0.077,0.396
2017,20170514,KIA,38,0.264,0.658,0.5,-1,0.706,0.619,0.608
2017,20170514,LG,37,0.257,0.622,0.8,1,0.647,0.6,0.489
2017,20170514,NC,37,0.257,0.611,0.4,-2,0.647,0.579,0.56
2017,20170514,두산,36,0.25,0.514,0.6,4,0.474,0.562,0.596
2017,20170514,키움,37,0.257,0.5,0.556,2,0.471,0.526,0.486
2017,20170514,SSG,37,0.257,0.5,0.444,1,0.524,0.467,0.524
2017,20170514,KT,38,0.264,0.474,0.5,2,0.5,0.444,0.347
2017,20170514,한화,37,0.257,0.459,0.6,-1,0.375,0.524,0.43
2017,20170514,롯데,36,0.25,0.444,0.3,-3,0.421,0.471,0.563
2017,20170514,삼성,37,0.257,0.2,0.2,-2,0.263,0.125,0.396
2017,20170527,KIA,49,0.34,0.653,0.6,1,0.64,0.667,0.608
2017,20170527,NC,48,0.333,0.617,0.6,-1,0.591,0.64,0.56
2017,20170527,두산,46,0.319,0.556,0.7,1,0.458,0.667,0.596
2017,20170527,LG,47,0.326,0.532,0.2,-4,0.591,0.48,0.489
2017,20170527,키움,48,0.333,0.511,0.5,2,0.48,0.545,0.486
2017,20170527,롯데,47,0.326,0.511,0.7,-1,0.56,0.455,0.563
2017,20170527,SSG,48,0.333,0.489,0.5,2,0.538,0.429,0.524
2017,20170527,KT,49,0.34,0.449,0.4,-1,0.478,0.423,0.347
2017,20170527,한화,48,0.333,0.396,0.2,1,0.273,0.5,0.43
2017,20170527,삼성,48,0.333,0.283,0.5,-2,0.273,0.292,0.396
2017,20170609,KIA,59,0.41,0.644,0.6,-1,0.655,0.633,0.608
2017,20170609,NC,59,0.41,0.621,0.7,3,0.567,0.679,0.56
2017,20170609,두산,57,0.396,0.571,0.6,3,0.5,0.643,0.596
2017,20170609,LG,57,0.396,0.526,0.5,3,0.552,0.5,0.489
2017,20170609,SSG,59,0.41,0.517,0.6,-3,0.533,0.5,0.524
2017,20170609,키움,59,0.41,0.5,0.5,3,0.448,0.552,0.486
2017,20170609,롯데,58,0.403,0.466,0.3,-3,0.517,0.414,0.563
2017,20170609,KT,59,0.41,0.407,0.2,-4,0.393,0.419,0.347
2017,20170609,한화,58,0.403,0.397,0.4,-5,0.31,0.483,0.43
2017,20170609,삼성,59,0.41,0.351,0.6,1,0.357,0.345,0.396
2017,20170622,KIA,69,0.479,0.652,0.7,2,0.639,0.667,0.608
2017,20170622,NC,70,0.486,0.609,0.5,-1,0.594,0.622,0.56
2017,20170622,SSG,70,0.486,0.536,0.6,1,0.556,0.515,0.524
2017,20170622,두산,67,0.465,0.53,0.3,-2,0.5,0.562,0.596
2017,20170622,LG,68,0.472,0.529,0.6,-2,0.529,0.529,0.489
2017,20170622,키움,70,0.486,0.507,0.5,-1,0.486,0.529,0.486
2017,20170622,롯데,69,0.479,0.449,0.3,-1,0.5,0.4,0.563
2017,20170622,한화,69,0.479,0.435,0.6,1,0.353,0.514,0.43
2017,20170622,삼성,70,0.486,0.382,0.6,2,0.382,0.382,0.396
2017,20170622,KT,70,0.486,0.371,0.2,1,0.353,0.389,0.347
2017,20170705,KIA,80,0.556,0.65,0.7,-1,0.667,0.634,0.608
2017,20170705,NC,79,0.549,0.603,0.5,-4,0.632,0.575,0.56
2017,20170705,SSG,81,0.562,0.563,0.7,1,0.591,0.528,0.524
2017,20170705,키움,79,0.549,0.526,0.6,4,0.525,0.526,0.486
2017,20170705,두산,77,0.535,0.513,0.4,2,0.5,0.529,0.596
2017,20170705,LG,77,0.535,0.5,0.222,1,0.486,0.513,0.489
2017,20170705,롯데,79,0.549,0.474,0.667,-2,0.553,0.4,0.563
2017,20170705,한화,79,0.549,0.436,0.444,-2,0.41,0.462,0.43
2017,20170705,삼성,81,0.562,0.397,0.444,2,0.447,0.35,0.396
2017,20170705,KT,80,0.556,0.338,0.1,-5,0.333,0.341,0.347
2017,20170718,KIA,86,0.597,0.674,0.9,6,0.69,0.659,0.608
2017,20170718,NC,85,0.59,0.583,0.2,1,0.625,0.545,0.56
2017,20170718,SSG,89,0.618,0.545,0.4,-3,0.551,0.538,0.524
2017,20170718,두산,83,0.576,0.524,0.6,3,0.511,0.541,0.596
2017,20170718,키움,87,0.604,0.523,0.6,-3,0.524,0.523,0.486
2017,20170718,LG,83,0.576,0.512,0.5,3,0.5,0.524,0.489
2017,20170718,롯데,87,0.604,0.488,0.5,1,0.548,0.432,0.563
2017,20170718,한화,86,0.597,0.424,0.3,-1,0.395,0.452,0.43
2017,20170718,삼성,89,0.618,0.395,0.5,-2,0.429,0.364,0.396
2017,20170718,KT,85,0.59,0.329,0.1,-1,0.325,0.333,0.347
2017,20170813,KIA,105,0.729,0.644,0.5,1,0.66,0.627,0.608
2017,20170813,두산,106,0.736,0.587,0.8,2,0.556,0.62,0.596
2017,20170813,NC,108,0.75,0.579,0.4,-3,0.627,0.536,0.56
2017,20170813,LG,104,0.722,0.524,0.4,-1,0.528,0.52,0.489
2017,20170813,키움,110,0.764,0.523,0.4,1,0.561,0.481,0.486
2017,20170813,롯데,109,0.757,0.505,0.7,1,0.58,0.439,0.563
2017,20170813,SSG,112,0.778,0.495,0.4,-1,0.552,0.434,0.524
2017,20170813,한화,106,0.736,0.41,0.5,-1,0.392,0.426,0.43
2017,20170813,삼성,110,0.764,0.406,0.4,-1,0.426,0.385,0.396
2017,20170813,KT,106,0.736,0.33,0.5,1,0.34,0.321,0.347
2017,20170826,KIA,114,0.792,0.619,0.4,1,0.638,0.6,0.608
2017,20170826,두산,117,0.812,0.6,0.8,5,0.593,0.607,0.596
2017,20170826,NC,119,0.826,0.568,0.5,-1,0.625,0.516,0.56
2017,20170826,롯데,120,0.833,0.542,0.9,6,0.618,0.476,0.563
2017,20170826,키움,120,0.833,0.513,0.4,-3,0.556,0.464,0.486
2017,20170826,LG,113,0.785,0.509,0.3,-3,0.544,0.473,0.489
2017,20170826,SSG,121,0.84,0.508,0.6,3,0.556,0.456,0.524
2017,20170826,한화,115,0.799,0.43,0.6,-1,0.418,0.441,0.43
2017,20170826,삼성,119,0.826,0.4,0.3,1,0.414,0.386,0.396
2017,20170826,KT,116,0.806,0.31,0.1,-5,0.321,0.3,0.347
2017,20170908,KIA,125,0.868,0.613,0.6,1,0.645,0.581,0.608
2017,20170908,두산,128,0.889,0.584,0.4,1,0.585,0.583,0.596
2017,20170908,NC,129,0.896,0.57,0.6,2,0.656,0.493,0.56
2017,20170908,롯데,130,0.903,0.547,0.6,1,0.629,0.47,0.563
2017,20170908,LG,124,0.861,0.512,0.556,3,0.557,0.467,0.489
2017,20170908,키움,131,0.91,0.512,0.444,-3,0.559,0.459,0.486
2017,20170908,SSG,131,0.91,0.508,0.5,-2,0.582,0.429,0.524
2017,20170908,한화,126,0.875,0.424,0.4,-1,0.426,0.422,0.43
2017,20170908,삼성,129,0.896,0.392,0.3,-1,0.403,0.381,0.396
2017,20170908,KT,127,0.882,0.339,0.6,-1,0.355,0.323,0.347
2017,20170921,KIA,135,0.938,0.604,0.5,-2,0.632,0.576,0.608
2017,20170921,두산,138,0.958,0.593,0.7,4,0.567,0.618,0.596
2017,20170921,NC,138,0.958,0.551,0.333,-2,0.612,0.493,0.56
2017,20170921,롯데,139,0.965,0.547,0.6,-1,0.627,0.471,0.563
2017,20170921,SSG,141,0.979,0.521,0.7,2,0.592,0.449,0.524
2017,20170921,키움,140,0.972,0.5,0.3,2,0.557,0.441,0.486
2017,20170921,LG,135,0.938,0.492,0.2,-3,0.536,0.444,0.489
2017,20170921,한화,135,0.938,0.44,0.6,1,0.446,0.435,0.43
2017,20170921,삼성,138,0.958,0.398,0.444,1,0.403,0.394,0.396
2017,20170921,KT,137,0.951,0.35,0.5,-1,0.373,0.329,0.347
2018,20180405,NC,11,0.076,0.727,0.7,-1,0.75,0.667,0.406
2018,20180405,두산,10,0.069,0.7,0.7,2,0.857,0.333,0.646
2018,20180405,SSG,10,0.069,0.7,0.7,-1,0.571,1.0,0.545
2018,20180405,키움,11,0.076,0.636,0.6,2,0.625,0.667,0.521
2018,20180405,KT,11,0.076,0.545,0.5,-2,0.667,0.5,0.418
2018,20180405,KIA,10,0.069,0.5,0.5,1,0.6,0.4,0.486
2018,20180405,한화,10,0.069,0.4,0.4,2,0.4,0.4,0.535
2018,20180405,삼성,11,0.076,0.364,0.3,1,0.333,0.375,0.486
2018,20180405,LG,10,0.069,0.3,0.3,-2,0.667,0.143,0.476
2018,20180405,롯데,10,0.069,0.1,0.1,-2,0.333,0.0,0.479
2018,20180418,두산,20,0.139,0.75,0.8,1,0.818,0.667,0.646
2018,20180418,SSG,20,0.139,0.7,0.7,5,0.667,0.75,0.545
2018,20180418,한화,20,0.139,0.55,0.7,-1,0.636,0.444,0.535
2018,20180418,KIA,19,0.132,0.526,0.6,2,0.727,0.25,0.486
2018,20180418,NC,21,0.146,0.476,0.2,2,0.545,0.4,0.406
2018,20180418,LG,21,0.146,0.476,0.6,-2,0.778,0.25,0.476
2018,20180418,KT,21,0.146,0.476,0.4,-5,0.429,0.5,0.418
2018,20180418,키움,22,0.153,0.409,0.2,-3,0.462,0.333,0.521
2018,20180418,삼성,21,0.146,0.333,0.3,-1,0.167,0.4,0.486
2018,20180418,롯데,19,0.132,0.316,0.5,1,0.455,0.125,0.479
2018,20180501,두산,31,0.215,0.71,0.6,2,0.812,0.6,0.646
2018,20180501,SSG,31,0.215,0.677,0.6,1,0.667,0.688,0.545
2018,20180501,LG,32,0.222,0.563,0.8,-2,0.8,0.353,0.476
2018,20180501,한화,30,0.208,0.5,0.4,1,0.533,0.467,0.535
2018,20180501,KT,32,0.222,0.469,0.5,-1,0.429,0.5,0.418
2018,20180501,키움,33,0.229,0.455,0.5,2,0.471,0.438,0.521
2018,20180501,KIA,29,0.201,0.448,0.3,-3,0.643,0.267,0.486
2018,20180501,롯데,30,0.208,0.433,0.7,2,0.526,0.273,0.479
2018,20180501,NC,32,0.222,0.406,0.3,-2,0.389,0.429,0.406
2018,20180501,삼성,32,0.222,0.344,0.3,-1,0.231,0.421,0.486
2018,20180527,두산,51,0.354,0.647,0.6,2,0.708,0.593,0.646
2018,20180527,SSG,51,0.354,0.588,0.4,-1,0.64,0.538,0.545
2018,20180527,한화,51,0.354,0.569,0.6,1,0.6,0.538,0.535
2018,20180527,KIA,51,0.354,0.51,0.6,1,0.654,0.36,0.486
2018,20180527,LG,54,0.375,0.5,0.6,-1,0.63,0.37,0.476
2018,20180527,키움,54,0.375,0.481,0.5,-1,0.448,0.52,0.521
2018,20180527,KT,52,0.361,0.462,0.6,1,0.44,0.481,0.418
2018,20180527,롯데,50,0.347,0.46,0.3,1,0.538,0.375,0.479
2018,20180527,삼성,53,0.368,0.434,0.6,-2,0.4,0.464,0.486
2018,20180527,NC,53,0.368,0.358,0.2,-1,0.357,0.36,0.406
2018,20180609,두산,61,0.424,0.672,0.8,4,0.75,0.606,0.646
2018,20180609,SSG,61,0.424,0.574,0.5,1,0.645,0.5,0.545
2018,20180609,LG,65,0.451,0.569,0.9,3,0.667,0.469,0.476
2018,20180609,한화,62,0.431,0.565,0.5,-1,0.6,0.531,0.535
2018,20180609,KIA,62,0.431,0.516,0.6,1,0.594,0.433,0.486
2018,20180609,키움,65,0.451,0.462,0.3,-1,0.438,0.485,0.521
2018,20180609,삼성,64,0.444,0.453,0.6,-2,0.4,0.5,0.486
2018,20180609,롯데,61,0.424,0.443,0.4,-1,0.471,0.407,0.479
2018,20180609,KT,63,0.438,0.429,0.2,1,0.4,0.455,0.418
2018,20180609,NC,64,0.444,0.328,0.2,-2,0.324,0.333,0.406
2018,20180622,두산,72,0.5,0.667,0.6,-1,0.743,0.595,0.646
2018,20180622,한화,73,0.507,0.575,0.6,3,0.595,0.556,0.535
2018,20180622,LG,76,0.528,0.553,0.5,1,0.703,0.41,0.476
2018,20180622,SSG,72,0.5,0.549,0.444,2,0.588,0.514,0.545
2018,20180622,KIA,71,0.493,0.493,0.4,1,0.568,0.412,0.486
2018,20180622,키움,76,0.528,0.487,0.6,-2,0.462,0.514,0.521
2018,20180622,롯데,71,0.493,0.471,0.667,-1,0.459,0.485,0.479
2018,20180622,삼성,75,0.521,0.459,0.444,1,0.441,0.475,0.486
2018,20180622,KT,74,0.514,0.384,0.111,-3,0.353,0.41,0.418
2018,20180622,NC,74,0.514,0.365,0.6,-1,0.39,0.333,0.406
2018,20180705,두산,81,0.562,0.679,0.7,3,0.73,0.636,0.646
2018,20180705,한화,83,0.576,0.59,0.7,1,0.619,0.561,0.535
2018,20180705,SSG,80,0.556,0.557,0.7,-2,0.622,0.5,0.545
2018,20180705,LG,84,0.583,0.542,0.444,-1,0.69,0.39,0.476
2018,20180705,키움,86,0.597,0.5,0.6,2,0.477,0.524,0.521
2018,20180705,KIA,79,0.549,0.494,0.5,-1,0.575,0.41,0.486
2018,20180705,롯데,80,0.556,0.449,0.222,-4,0.452,0.444,0.479
2018,20180705,삼성,84,0.583,0.427,0.222,-5,0.395,0.455,0.486
2018,20180705,KT,81,0.562,0.405,0.5,3,0.41,0.4,0.418
2018,20180705,NC,84,0.583,0.357,0.3,1,0.37,0.342,0.406
2018,20180718,두산,89,0.618,0.663,0.6,1,0.714,0.617,0.646
2018,20180718,한화,91,0.632,0.582,0.5,-1,0.622,0.543,0.535
2018,20180718,SSG,88,0.611,0.563,0.5,-1,0.619,0.511,0.545
2018,20180718,LG,92,0.639,0.549,0.6,2,0.667,0.435,0.476
2018,20180718,키움,94,0.653,0.489,0.5,-3,0.469,0.511,0.521
2018,20180718,KIA,87,0.604,0.471,0.3,-1,0.556,0.381,0.486
2018,20180718,삼성,92,0.639,0.444,0.556,1,0.439,0.449,0.486
2018,20180718,롯데,88,0.611,0.442,0.3,-1,0.467,0.415,0.479
2018,20180718,KT,89,0.618,0.414,0.556,1,0.432,0.395,0.418
2018,20180718,NC,92,0.639,0.38,0.6,1,0.408,0.349,0.406
2018,20180731,두산,100,0.694,0.66,0.6,3,0.723,0.604,0.646
2018,20180731,SSG,99,0.688,0.571,0.6,-2,0.638,0.51,0.545
2018,20180731,한화,102,0.708,0.559,0.4,-3,0.612,0.509,0.535
2018,20180731,LG,103,0.715,0.52,0.2,-1,0.608,0.431,0.476
2018,20180731,삼성,103,0.715,0.48,0.778,3,0.489,0.472,0.486
2018,20180731,키움,105,0.729,0.476,0.4,1,0.429,0.531,0.521
2018,20180731,KIA,98,0.681,0.459,0.4,1,0.56,0.354,0.486
2018,20180731,롯데,99,0.688,0.443,0.5,-1,0.451,0.435,0.479
2018,20180731,KT,100,0.694,0.439,0.6,1,0.458,0.42,0.418
2018,20180731,NC,103,0.715,0.392,0.556,1,0.418,0.362,0.406
2018,20180908,두산,118,0.819,0.653,0.7,4,0.707,0.6,0.646
2018,20180908,SSG,117,0.812,0.552,0.3,-1,0.579,0.525,0.545
2018,20180908,한화,119,0.826,0.546,0.5,-2,0.61,0.483,0.535
2018,20180908,키움,123,0.854,0.504,0.5,-4,0.459,0.548,0.521
2018,20180908,LG,121,0.84,0.492,0.5,1,0.586,0.403,0.476
2018,20180908,KIA,115,0.799,0.478,0.7,3,0.583,0.364,0.486
2018,20180908,삼성,121,0.84,0.475,0.4,-3,0.464,0.484,0.486
2018,20180908,롯데,115,0.799,0.46,0.5,-2,0.492,0.426,0.479
2018,20180908,KT,118,0.819,0.431,0.5,2,0.458,0.404,0.418
2018,20180908,NC,121,0.84,0.408,0.4,2,0.419,0.397,0.406
2018,20180921,두산,129,0.896,0.651,0.7,2,0.71,0.597,0.646
2018,20180921,SSG,128,0.889,0.559,0.6,1,0.597,0.523,0.545
2018,20180921,한화,130,0.903,0.538,0.5,-1,0.587,0.493,0.535
2018,20180921,키움,133,0.924,0.519,0.7,-1,0.485,0.552,0.521
2018,20180921,KIA,125,0.868,0.488,0.6,2,0.6,0.367,0.486
2018,20180921,LG,132,0.917,0.481,0.3,-5,0.554,0.409,0.476
2018,20180921,삼성,132,0.917,0.473,0.4,1,0.452,0.493,0.486
2018,20180921,롯데,124,0.861,0.451,0.3,3,0.462,0.439,0.479
2018,20180921,NC,131,0.91,0.423,0.6,-3,0.456,0.387,0.406
2018,20180921,KT,128,0.889,0.413,0.2,-2,0.46,0.365,0.418
2018,20181004,두산,137,0.951,0.65,0.7,2,0.727,0.577,0.646
2018,20181004,SSG,138,0.958,0.555,0.5,-2,0.603,0.507,0.545
2018,20181004,한화,140,0.972,0.536,0.5,-1,0.592,0.478,0.535
2018,20181004,키움,141,0.979,0.525,0.6,3,0.514,0.536,0.521
2018,20181004,KIA,136,0.944,0.493,0.5,1,0.603,0.382,0.486
2018,20181004,삼성,141,0.979,0.482,0.667,1,0.471,0.493,0.486
2018,20181004,롯데,135,0.938,0.474,0.7,1,0.478,0.47,0.479
2018,20181004,LG,142,0.986,0.468,0.3,-1,0.549,0.386,0.476
2018,20181004,NC,140,0.972,0.41,0.2,1,0.457,0.362,0.406
2018,20181004,KT,138,0.958,0.407,0.333,1,0.448,0.368,0.418
2019,20190405,두산,12,0.083,0.75,0.8,-1,0.667,1.0,0.615
2019,20190405,SSG,12,0.083,0.667,0.6,2,0.667,0.667,0.615
2019,20190405,LG,12,0.083,0.583,0.5,1,0.667,0.556,0.552
2019,20190405,NC,12,0.083,0.583,0.6,1,0.625,0.5,0.514
2019,20190405,한화,12,0.083,0.5,0.5,-1,0.667,0.333,0.403
2019,20190405,롯데,12,0.083,0.5,0.5,1,0.5,0.5,0.34
2019,20190405,키움,12,0.083,0.417,0.4,-1,0.333,0.444,0.601
2019,20190405,KIA,12,0.083,0.417,0.5,1,0.5,0.333,0.437
2019,20190405,삼성,12,0.083,0.417,0.4,-1,0.333,0.5,0.42
2019,20190405,KT,12,0.083,0.167,0.2,-5,0.5,0.0,0.5
2019,20190418,두산,22,0.153,0.636,0.5,-1,0.571,0.75,0.615
2019,20190418,SSG,22,0.153,0.619,0.556,1,0.615,0.625,0.615
2019,20190418,LG,22,0.153,0.591,0.6,3,0.625,0.571,0.552
2019,20190418,NC,22,0.153,0.591,0.6,-3,0.571,0.625,0.514
2019,20190418,키움,22,0.153,0.545,0.7,-1,0.556,0.538,0.601
2019,20190418,롯데,22,0.153,0.455,0.4,3,0.538,0.333,0.34
2019,20190418,한화,22,0.153,0.409,0.3,-1,0.5,0.357,0.403
2019,20190418,삼성,22,0.153,0.409,0.4,1,0.417,0.4,0.42
2019,20190418,KIA,21,0.146,0.4,0.444,-3,0.444,0.364,0.437
2019,20190418,KT,23,0.16,0.348,0.5,1,0.667,0.143,0.5
2019,20190501,SSG,32,0.222,0.677,0.8,1,0.611,0.769,0.615
2019,20190501,LG,31,0.215,0.645,0.8,7,0.667,0.625,0.552
2019,20190501,두산,33,0.229,0.636,0.6,-2,0.647,0.625,0.615
2019,20190501,NC,31,0.215,0.613,0.6,1,0.625,0.6,0.514
2019,20190501,키움,33,0.229,0.576,0.6,-1,0.6,0.556,0.601
2019,20190501,한화,30,0.208,0.467,0.6,2,0.643,0.312,0.403
2019,20190501,롯데,31,0.215,0.387,0.3,-1,0.5,0.231,0.34
2019,20190501,삼성,31,0.215,0.355,0.3,1,0.312,0.4,0.42
2019,20190501,KIA,31,0.215,0.333,0.2,-1,0.357,0.312,0.437
2019,20190501,KT,33,0.229,0.303,0.2,-7,0.429,0.211,0.5
2019,20190514,SSG,43,0.299,0.69,0.8,-1,0.591,0.8,0.615
2019,20190514,두산,44,0.306,0.659,0.7,-1,0.667,0.65,0.615
2019,20190514,LG,42,0.292,0.571,0.3,-1,0.684,0.478,0.552
2019,20190514,NC,42,0.292,0.571,0.4,1,0.609,0.526,0.514
2019,20190514,키움,44,0.306,0.568,0.5,-2,0.619,0.522,0.601
2019,20190514,한화,41,0.285,0.463,0.5,1,0.632,0.318,0.403
2019,20190514,삼성,42,0.292,0.405,0.6,1,0.409,0.4,0.42
2019,20190514,롯데,42,0.292,0.381,0.4,2,0.435,0.316,0.34
2019,20190514,KT,44,0.306,0.364,0.6,2,0.5,0.25,0.5
2019,20190514,KIA,42,0.292,0.317,0.2,-4,0.316,0.318,0.437
2019,20190609,SSG,65,0.451,0.656,0.7,-1,0.576,0.742,0.615
2019,20190609,두산,66,0.458,0.621,0.4,-2,0.657,0.581,0.615
2019,20190609,LG,64,0.444,0.578,0.8,2,0.633,0.529,0.552
2019,20190609,NC,64,0.444,0.547,0.4,3,0.588,0.5,0.514
2019,20190609,키움,67,0.465,0.537,0.5,2,0.576,0.5,0.601
2019,20190609,삼성,64,0.444,0.453,0.6,1,0.548,0.364,0.42
2019,20190609,한화,64,0.444,0.438,0.4,-2,0.567,0.324,0.403
2019,20190609,KT,66,0.458,0.424,0.5,3,0.613,0.257,0.5
2019,20190609,KIA,65,0.451,0.391,0.3,-3,0.424,0.355,0.437
2019,20190609,롯데,65,0.451,0.354,0.4,-5,0.441,0.258,0.34
2019,20190622,SSG,76,0.528,0.667,0.7,2,0.632,0.703,0.615
2019,20190622,두산,77,0.535,0.623,0.7,-2,0.683,0.556,0.615
2019,20190622,LG,75,0.521,0.581,0.6,-1,0.647,0.525,0.552
2019,20190622,키움,78,0.542,0.577,0.8,-1,0.641,0.513,0.601
2019,20190622,NC,75,0.521,0.493,0.2,1,0.568,0.421,0.514
2019,20190622,삼성,75,0.521,0.427,0.3,-1,0.514,0.342,0.42
2019,20190622,KIA,75,0.521,0.419,0.6,1,0.487,0.343,0.437
2019,20190622,KT,77,0.535,0.416,0.4,-1,0.583,0.268,0.5
2019,20190622,한화,75,0.521,0.413,0.2,1,0.526,0.297,0.403
2019,20190622,롯데,75,0.521,0.378,0.556,1,0.474,0.278,0.34
2019,20190705,SSG,86,0.597,0.682,0.8,5,0.667,0.698,0.615
2019,20190705,두산,87,0.604,0.598,0.4,-1,0.644,0.548,0.615
2019,20190705,키움,88,0.611,0.58,0.6,1,0.63,0.524,0.601
2019,20190705,LG,85,0.59,0.571,0.5,-1,0.634,0.512,0.552
2019,20190705,NC,84,0.583,0.5,0.6,3,0.571,0.429,0.514
2019,20190705,KT,87,0.604,0.477,1.0,9,0.651,0.302,0.5
2019,20190705,삼성,84,0.583,0.417,0.3,-5,0.512,0.326,0.42
2019,20190705,KIA,86,0.597,0.412,0.3,1,0.488,0.333,0.437
2019,20190705,한화,84,0.583,0.381,0.2,-7,0.476,0.286,0.403
2019,20190705,롯데,85,0.59,0.373,0.333,-4,0.475,0.279,0.34
2019,20190718,SSG,96,0.667,0.674,0.6,-1,0.667,0.681,0.615
2019,20190718,키움,98,0.681,0.602,0.8,3,0.667,0.532,0.601
2019,20190718,두산,97,0.674,0.588,0.5,-3,0.6,0.574,0.615
2019,20190718,LG,95,0.66,0.553,0.4,1,0.609,0.5,0.552
2019,20190718,NC,94,0.653,0.505,0.556,3,0.543,0.468,0.514
2019,20190718,KT,97,0.674,0.49,0.6,5,0.622,0.373,0.5
2019,20190718,삼성,94,0.653,0.419,0.444,-5,0.535,0.32,0.42
2019,20190718,KIA,95,0.66,0.415,0.5,-1,0.5,0.318,0.437
2019,20190718,한화,94,0.653,0.372,0.3,-4,0.449,0.289,0.403
2019,20190718,롯데,94,0.653,0.37,0.3,1,0.467,0.277,0.34
2019,20190731,SSG,101,0.701,0.67,0.7,-2,0.64,0.7,0.615
2019,20190731,키움,103,0.715,0.612,0.7,2,0.667,0.551,0.601
2019,20190731,두산,100,0.694,0.59,0.5,-1,0.608,0.571,0.615
2019,20190731,LG,99,0.688,0.551,0.5,-2,0.583,0.52,0.552
2019,20190731,NC,99,0.688,0.5,0.5,1,0.542,0.46,0.514
2019,20190731,KT,101,0.701,0.48,0.6,-1,0.592,0.373,0.5
2019,20190731,삼성,99,0.688,0.439,0.4,-1,0.562,0.32,0.42
2019,20190731,KIA,98,0.681,0.423,0.5,2,0.5,0.34,0.437
2019,20190731,한화,99,0.688,0.364,0.2,1,0.449,0.28,0.403
2019,20190731,롯데,99,0.688,0.361,0.3,1,0.438,0.286,0.34
2019,20190813,SSG,111,0.771,0.664,0.6,1,0.648,0.679,0.615
2019,20190813,두산,110,0.764,0.591,0.6,2,0.618,0.564,0.615
2019,20190813,키움,112,0.778,0.589,0.4,-2,0.633,0.538,0.601
2019,20190813,LG,109,0.757,0.556,0.6,2,0.593,0.519,0.552
2019,20190813,NC,108,0.75,0.505,0.6,3,0.556,0.453,0.514
2019,20190813,KT,111,0.771,0.473,0.4,-2,0.577,0.379,0.5
2019,20190813,KIA,108,0.75,0.439,0.6,-2,0.526,0.34,0.437
2019,20190813,삼성,108,0.75,0.421,0.2,-1,0.528,0.315,0.42
2019,20190813,롯데,108,0.75,0.387,0.7,1,0.462,0.315,0.34
2019,20190813,한화,109,0.757,0.367,0.4,-1,0.442,0.298,0.403
2019,20190908,SSG,129,0.896,0.641,0.4,-1,0.667,0.615,0.615
2019,20190908,두산,127,0.882,0.606,0.7,-2,0.651,0.562,0.615
2019,20190908,키움,134,0.931,0.602,0.7,3,0.638,0.562,0.601
2019,20190908,LG,127,0.882,0.556,0.6,3,0.594,0.516,0.552
2019,20190908,KT,130,0.903,0.5,0.6,2,0.59,0.418,0.5
2019,20190908,NC,129,0.896,0.5,0.4,-1,0.569,0.429,0.514
2019,20190908,KIA,130,0.903,0.438,0.6,-3,0.515,0.35,0.437
2019,20190908,삼성,128,0.889,0.425,0.5,1,0.508,0.344,0.42
2019,20190908,한화,130,0.903,0.377,0.5,-1,0.422,0.333,0.403
2019,20190908,롯데,130,0.903,0.354,0.2,1,0.443,0.273,0.34
2019,20190921,SSG,138,0.958,0.613,0.2,-5,0.614,0.612,0.615
2019,20190921,두산,137,0.951,0.606,0.6,4,0.652,0.559,0.615
2019,20190921,키움,141,0.979,0.6,0.7,1,0.634,0.565,0.601
2019,20190921,LG,136,0.944,0.563,0.7,-1,0.606,0.522,0.552
2019,20190921,NC,137,0.951,0.522,0.8,2,0.588,0.456,0.514
2019,20190921,KT,139,0.965,0.489,0.4,-1,0.561,0.423,0.5
2019,20190921,KIA,140,0.972,0.428,0.3,-3,0.529,0.324,0.437
2019,20190921,삼성,138,0.958,0.423,0.4,1,0.507,0.338,0.42
2019,20190921,한화,138,0.958,0.399,0.7,3,0.443,0.353,0.403
2019,20190921,롯데,138,0.958,0.356,0.4,-2,0.439,0.275,0.34
2020,20200514,NC,8,0.056,0.875,0.875,3,0.8,1.0,0.601
2020,20200514,롯데,8,0.056,0.75,0.75,-1,0.6,1.0,0.497
2020,20200514,키움,9,0.062,0.667,0.667,-2,0.667,0.667,0.559
2020,20200514,두산,8,0.056,0.625,0.625,1,0.5,0.667,0.564
2020,20200514,LG,8,0.056,0.625,0.625,4,0.667,0.5,0.564
2020,20200514,KIA,9,0.062,0.444,0.444,-1,0.333,0.5,0.507
2020,20200514,삼성,9,0.062,0.444,0.444,2,0.333,0.667,0.46
2020,20200514,한화,9,0.062,0.333,0.333,1,0.333,0.333,0.326
2020,20200514,SSG,8,0.056,0.125,0.125,-6,0.333,0.0,0.357
2020,20200514,KT,8,0.056,0.125,0.125,-4,0.0,0.2,0.566
2020,20200527,NC,19,0.132,0.842,0.8,4,0.8,0.889,0.601
2020,20200527,LG,19,0.132,0.684,0.7,3,0.667,0.714,0.564
2020,20200527,두산,19,0.132,0.632,0.6,2,0.571,0.667,0.564
2020,20200527,KIA,20,0.139,0.55,0.7,-1,0.556,0.545,0.507
2020,20200527,롯데,19,0.132,0.526,0.4,-1,0.6,0.444,0.497
2020,20200527,키움,20,0.139,0.5,0.4,-3,0.667,0.364,0.559
2020,20200527,KT,19,0.132,0.421,0.6,1,0.545,0.25,0.566
2020,20200527,삼성,20,0.139,0.35,0.3,1,0.333,0.375,0.46
2020,20200527,한화,20,0.139,0.35,0.3,-4,0.375,0.333,0.326
2020,20200527,SSG,19,0.132,0.158,0.2,-2,0.222,0.1,0.357
2020,20200609,NC,30,0.208,0.8,0.7,6,0.8,0.8,0.601
2020,20200609,두산,30,0.208,0.633,0.7,-1,0.643,0.625,0.564
2020,20200609,LG,30,0.208,0.6,0.4,-1,0.562,0.643,0.564
2020,20200609,키움,31,0.215,0.581,0.8,1,0.667,0.5,0.559
2020,20200609,KIA,31,0.215,0.516,0.5,1,0.6,0.438,0.507
2020,20200609,롯데,30,0.208,0.5,0.5,4,0.667,0.333,0.497
2020,20200609,삼성,31,0.215,0.419,0.5,-1,0.375,0.467,0.46
2020,20200609,SSG,30,0.208,0.367,0.7,1,0.467,0.267,0.357
2020,20200609,KT,30,0.208,0.367,0.2,-5,0.5,0.214,0.566
2020,20200609,한화,31,0.215,0.226,0.0,-15,0.2,0.25,0.326
2020,20200705,NC,52,0.361,0.692,0.6,2,0.69,0.696,0.601
2020,20200705,키움,54,0.375,0.611,0.6,-1,0.704,0.519,0.559
2020,20200705,두산,53,0.368,0.585,0.4,1,0.565,0.6,0.564
2020,20200705,LG,53,0.368,0.547,0.4,1,0.467,0.652,0.564
2020,20200705,KIA,50,0.347,0.54,0.4,-2,0.682,0.429,0.507
2020,20200705,삼성,54,0.375,0.537,0.7,-1,0.567,0.5,0.46
2020,20200705,KT,53,0.368,0.472,0.7,1,0.519,0.423,0.566
2020,20200705,롯데,51,0.354,0.471,0.4,-1,0.625,0.333,0.497
2020,20200705,SSG,53,0.368,0.302,0.4,1,0.37,0.231,0.357
2020,20200705,한화,53,0.368,0.245,0.3,-1,0.25,0.241,0.326
2020,20200718,NC,62,0.431,0.683,0.625,2,0.7,0.667,0.601
2020,20200718,두산,63,0.438,0.587,0.6,1,0.586,0.588,0.564
2020,20200718,키움,65,0.451,0.585,0.5,1,0.697,0.469,0.559
2020,20200718,KIA,61,0.424,0.541,0.6,-1,0.667,0.419,0.507
2020,20200718,LG,63,0.438,0.532,0.444,2,0.485,0.586,0.564
2020,20200718,삼성,64,0.444,0.531,0.5,3,0.6,0.448,0.46
2020,20200718,KT,63,0.438,0.5,0.667,-1,0.562,0.433,0.566
2020,20200718,롯데,61,0.424,0.475,0.5,-2,0.621,0.344,0.497
2020,20200718,SSG,64,0.444,0.313,0.4,-1,0.375,0.25,0.357
2020,20200718,한화,64,0.444,0.266,0.3,-3,0.3,0.235,0.326
2020,20200731,NC,69,0.479,0.672,0.667,1,0.727,0.618,0.601
2020,20200731,키움,73,0.507,0.575,0.5,4,0.667,0.486,0.559
2020,20200731,두산,71,0.493,0.563,0.4,-4,0.543,0.583,0.564
2020,20200731,KIA,68,0.472,0.559,0.6,1,0.647,0.471,0.507
2020,20200731,LG,72,0.5,0.549,0.7,-1,0.486,0.611,0.564
2020,20200731,KT,70,0.486,0.522,0.667,4,0.595,0.438,0.566
2020,20200731,삼성,71,0.493,0.493,0.4,-1,0.564,0.406,0.46
2020,20200731,롯데,68,0.472,0.485,0.5,-1,0.613,0.378,0.497
2020,20200731,SSG,73,0.507,0.333,0.444,-4,0.378,0.286,0.357
2020,20200731,한화,73,0.507,0.264,0.222,1,0.265,0.263,0.326
2020,20200813,NC,77,0.535,0.64,0.4,1,0.686,0.6,0.601
2020,20200813,키움,84,0.583,0.595,0.7,2,0.667,0.513,0.559
2020,20200813,두산,81,0.562,0.57,0.625,-1,0.526,0.61,0.564
2020,20200813,LG,82,0.569,0.556,0.6,2,0.513,0.595,0.564
2020,20200813,KIA,78,0.542,0.526,0.3,-2,0.615,0.436,0.507
2020,20200813,롯데,76,0.528,0.52,0.778,-1,0.629,0.425,0.497
2020,20200813,KT,78,0.542,0.519,0.6,-2,0.585,0.444,0.566
2020,20200813,삼성,81,0.562,0.475,0.333,1,0.523,0.417,0.46
2020,20200813,SSG,81,0.562,0.338,0.3,2,0.366,0.308,0.357
2020,20200813,한화,80,0.556,0.266,0.4,-2,0.27,0.262,0.326
2020,20200826,NC,88,0.611,0.616,0.5,2,0.643,0.591,0.601
2020,20200826,키움,95,0.66,0.589,0.6,-1,0.653,0.522,0.559
2020,20200826,두산,92,0.639,0.567,0.6,-1,0.511,0.622,0.564
2020,20200826,LG,93,0.646,0.565,0.6,1,0.512,0.612,0.564
2020,20200826,KT,89,0.618,0.545,0.7,1,0.6,0.488,0.566
2020,20200826,롯데,87,0.604,0.523,0.5,1,0.595,0.455,0.497
2020,20200826,KIA,89,0.618,0.517,0.4,1,0.614,0.422,0.507
2020,20200826,삼성,92,0.639,0.462,0.3,-1,0.48,0.439,0.46
2020,20200826,SSG,92,0.639,0.341,0.4,-1,0.383,0.295,0.357
2020,20200826,한화,91,0.632,0.278,0.4,-2,0.286,0.271,0.326
2020,20200908,NC,98,0.681,0.611,0.556,1,0.66,0.562,0.601
2020,20200908,키움,106,0.736,0.585,0.5,1,0.618,0.549,0.559
2020,20200908,LG,103,0.715,0.58,0.75,-2,0.553,0.604,0.564
2020,20200908,두산,102,0.708,0.566,0.556,3,0.551,0.58,0.564
2020,20200908,KT,100,0.694,0.556,0.7,-1,0.633,0.48,0.566
2020,20200908,KIA,100,0.694,0.54,0.8,3,0.625,0.462,0.507
2020,20200908,롯데,98,0.681,0.505,0.4,-1,0.569,0.435,0.497
2020,20200908,삼성,100,0.694,0.465,0.5,-1,0.5,0.422,0.46
2020,20200908,SSG,103,0.715,0.314,0.0,-10,0.373,0.255,0.357
2020,20200908,한화,100,0.694,0.283,0.3,1,0.298,0.269,0.326
2020,20201004,NC,123,0.854,0.639,0.889,2,0.677,0.596,0.601
2020,20201004,KT,124,0.861,0.569,0.6,-1,0.635,0.5,0.566
2020,20201004,키움,130,0.903,0.558,0.2,-2,0.569,0.547,0.559
2020,20201004,LG,126,0.875,0.553,0.4,1,0.534,0.569,0.564
2020,20201004,두산,125,0.868,0.545,0.6,3,0.565,0.525,0.564
2020,20201004,KIA,121,0.84,0.529,0.5,-3,0.561,0.5,0.507
2020,20201004,롯데,122,0.847,0.521,0.6,4,0.59,0.45,0.497
2020,20201004,삼성,125,0.868,0.443,0.444,-2,0.469,0.414,0.46
2020,20201004,SSG,126,0.875,0.336,0.4,2,0.377,0.297,0.357
2020,20201004,한화,124,0.861,0.311,0.4,-3,0.35,0.274,0.326
2021,20210418,NC,13,0.09,0.615,0.7,-1,0.429,0.833,0.496
2021,20210418,LG,13,0.09,0.615,0.6,-2,0.5,0.714,0.554
2021,20210418,삼성,14,0.097,0.571,0.8,2,0.833,0.375,0.563
2021,20210418,두산,13,0.09,0.538,0.4,2,0.571,0.5,0.522
2021,20210418,KT,13,0.09,0.538,0.5,4,0.714,0.333,0.563
2021,20210418,SSG,13,0.09,0.538,0.5,2,0.6,0.333,0.508
2021,20210418,KIA,13,0.09,0.462,0.4,-2,0.333,0.571,0.433
2021,20210418,롯데,13,0.09,0.385,0.4,-2,0.333,0.429,0.478
2021,20210418,한화,13,0.09,0.385,0.4,1,0.667,0.3,0.371
2021,20210418,키움,14,0.097,0.357,0.3,-5,0.375,0.333,0.511
2021,20210501,삼성,25,0.174,0.6,0.7,2,0.714,0.455,0.563
2021,20210501,KT,24,0.167,0.583,0.6,3,0.667,0.5,0.563
2021,20210501,LG,24,0.167,0.542,0.5,-2,0.5,0.583,0.554
2021,20210501,SSG,24,0.167,0.542,0.5,1,0.538,0.545,0.508
2021,20210501,두산,24,0.167,0.5,0.5,-1,0.583,0.417,0.522
2021,20210501,KIA,24,0.167,0.5,0.5,-2,0.5,0.5,0.433
2021,20210501,NC,24,0.167,0.458,0.3,-2,0.333,0.583,0.496
2021,20210501,키움,25,0.174,0.44,0.6,2,0.429,0.455,0.511
2021,20210501,롯데,24,0.167,0.417,0.4,-3,0.364,0.462,0.478
2021,20210501,한화,24,0.167,0.417,0.4,2,0.556,0.333,0.371
2021,20210514,삼성,35,0.243,0.6,0.6,-1,0.722,0.471,0.563
2021,20210514,NC,34,0.236,0.559,0.8,4,0.438,0.667,0.496
2021,20210514,LG,34,0.236,0.559,0.6,2,0.562,0.556,0.554
2021,20210514,두산,34,0.236,0.529,0.6,1,0.5,0.562,0.522
2021,20210514,KT,34,0.236,0.529,0.4,1,0.579,0.467,0.563
2021,20210514,SSG,34,0.236,0.529,0.5,-2,0.529,0.529,0.508
2021,20210514,키움,35,0.243,0.457,0.5,-1,0.471,0.444,0.511
2021,20210514,KIA,34,0.236,0.441,0.3,-2,0.444,0.438,0.433
2021,20210514,한화,34,0.236,0.412,0.4,1,0.429,0.4,0.371
2021,20210514,롯데,34,0.236,0.382,0.3,-1,0.333,0.438,0.478
2021,20210527,SSG,42,0.292,0.571,0.6,-1,0.571,0.571,0.508
2021,20210527,삼성,44,0.306,0.568,0.4,-1,0.652,0.476,0.563
2021,20210527,KT,42,0.292,0.548,0.6,1,0.609,0.474,0.563
2021,20210527,LG,44,0.306,0.545,0.5,2,0.571,0.522,0.554
2021,20210527,두산,42,0.292,0.524,0.5,-1,0.522,0.526,0.522
2021,20210527,키움,44,0.306,0.523,0.7,-2,0.591,0.455,0.511
2021,20210527,NC,43,0.299,0.512,0.4,1,0.474,0.542,0.496
2021,20210527,KIA,42,0.292,0.429,0.3,2,0.455,0.4,0.433
2021,20210527,한화,43,0.299,0.419,0.5,1,0.474,0.375,0.371
2021,20210527,롯데,42,0.292,0.357,0.3,-4,0.286,0.429,0.478
2021,20210609,LG,54,0.375,0.574,0.7,4,0.607,0.538,0.554
2021,20210609,KT,52,0.361,0.558,0.6,2,0.577,0.538,0.563
2021,20210609,SSG,52,0.361,0.558,0.5,-2,0.52,0.593,0.508
2021,20210609,삼성,54,0.375,0.556,0.5,-1,0.607,0.5,0.563
2021,20210609,두산,52,0.361,0.538,0.6,1,0.538,0.538,0.522
2021,20210609,NC,53,0.368,0.519,0.556,-3,0.5,0.536,0.496
2021,20210609,키움,55,0.382,0.491,0.4,1,0.536,0.444,0.511
2021,20210609,KIA,52,0.361,0.423,0.4,1,0.429,0.417,0.433
2021,20210609,한화,53,0.368,0.396,0.3,-1,0.423,0.37,0.371
2021,20210609,롯데,53,0.368,0.385,0.5,-1,0.28,0.481,0.478
2021,20210622,LG,65,0.451,0.6,0.8,5,0.629,0.567,0.554
2021,20210622,KT,62,0.431,0.581,0.7,3,0.618,0.536,0.563
2021,20210622,삼성,65,0.451,0.569,0.6,1,0.636,0.5,0.563
2021,20210622,SSG,62,0.431,0.565,0.6,-1,0.517,0.606,0.508
2021,20210622,NC,63,0.438,0.516,0.5,1,0.483,0.545,0.496
2021,20210622,두산,64,0.444,0.516,0.5,1,0.533,0.5,0.522
2021,20210622,키움,66,0.458,0.47,0.4,-1,0.516,0.429,0.511
2021,20210622,한화,65,0.451,0.4,0.4,-3,0.471,0.323,0.371
2021,20210622,롯데,64,0.444,0.397,0.4,-1,0.344,0.452,0.478
2021,20210622,KIA,62,0.431,0.387,0.2,-5,0.419,0.355,0.433
2021,20210705,KT,72,0.5,0.611,0.8,-1,0.615,0.606,0.563
2021,20210705,LG,75,0.521,0.573,0.4,2,0.6,0.543,0.554
2021,20210705,삼성,76,0.528,0.573,0.556,3,0.632,0.514,0.563
2021,20210705,SSG,74,0.514,0.556,0.375,1,0.541,0.571,0.508
2021,20210705,NC,72,0.5,0.514,0.556,-3,0.485,0.541,0.496
2021,20210705,키움,77,0.535,0.506,0.7,1,0.568,0.45,0.511
2021,20210705,두산,73,0.507,0.479,0.3,-2,0.457,0.5,0.522
2021,20210705,롯데,75,0.521,0.432,0.6,-1,0.353,0.5,0.478
2021,20210705,KIA,71,0.493,0.394,0.4,3,0.457,0.333,0.433
2021,20210705,한화,75,0.521,0.36,0.1,-2,0.41,0.306,0.371
2021,20210813,KT,79,0.549,0.582,0.4,1,0.625,0.538,0.563
2021,20210813,LG,78,0.542,0.577,0.5,-1,0.605,0.543,0.554
2021,20210813,삼성,83,0.576,0.561,0.6,-1,0.614,0.5,0.563
2021,20210813,키움,84,0.583,0.524,0.6,-1,0.591,0.45,0.511
2021,20210813,SSG,83,0.576,0.519,0.3,-3,0.512,0.525,0.508
2021,20210813,NC,78,0.542,0.513,0.4,2,0.472,0.55,0.496
2021,20210813,두산,78,0.542,0.487,0.5,1,0.459,0.512,0.522
2021,20210813,롯데,82,0.569,0.444,0.6,1,0.353,0.511,0.478
2021,20210813,KIA,77,0.535,0.434,0.889,8,0.5,0.368,0.433
2021,20210813,한화,82,0.569,0.358,0.333,-3,0.39,0.325,0.371
2021,20210826,KT,89,0.618,0.602,0.778,2,0.652,0.548,0.563
2021,20210826,LG,87,0.604,0.565,0.375,1,0.609,0.513,0.554
2021,20210826,삼성,93,0.646,0.556,0.5,-1,0.63,0.477,0.563
2021,20210826,키움,93,0.646,0.522,0.444,-1,0.596,0.444,0.511
2021,20210826,NC,86,0.597,0.512,0.625,-2,0.475,0.548,0.496
2021,20210826,SSG,92,0.639,0.5,0.25,-5,0.523,0.477,0.508
2021,20210826,두산,88,0.611,0.483,0.444,3,0.452,0.511,0.522
2021,20210826,롯데,91,0.632,0.449,0.556,-1,0.385,0.5,0.478
2021,20210826,KIA,86,0.597,0.439,0.571,1,0.5,0.375,0.433
2021,20210826,한화,93,0.646,0.371,0.5,1,0.386,0.356,0.371
2021,20210908,KT,99,0.688,0.608,0.667,3,0.653,0.562,0.563
2021,20210908,LG,96,0.667,0.564,0.6,-4,0.604,0.512,0.554
2021,20210908,삼성,104,0.722,0.554,0.6,-3,0.615,0.49,0.563
2021,20210908,SSG,102,0.708,0.51,0.6,1,0.569,0.447,0.508
2021,20210908,키움,103,0.715,0.51,0.4,-1,0.615,0.4,0.511
2021,20210908,NC,97,0.674,0.505,0.4,-1,0.489,0.521,0.496
2021,20210908,롯데,100,0.694,0.474,0.75,2,0.419,0.519,0.478
2021,20210908,두산,98,0.681,0.469,0.333,2,0.467,0.471,0.522
2021,20210908,KIA,95,0.66,0.416,0.143,-3,0.477,0.356,0.433
2021,20210908,한화,104,0.722,0.384,0.556,1,0.429,0.34,0.371
2021,20210921,KT,111,0.771,0.617,0.778,3,0.66,0.574,0.563
2021,20210921,삼성,116,0.806,0.565,0.667,3,0.607,0.519,0.563
2021,20210921,LG,108,0.75,0.548,0.25,-1,0.614,0.468,0.554
2021,20210921,NC,109,0.757,0.505,0.6,-3,0.491,0.519,0.496
2021,20210921,두산,110,0.764,0.505,0.857,4,0.51,0.5,0.522
2021,20210921,키움,115,0.799,0.5,0.25,-6,0.607,0.393,0.511
2021,20210921,SSG,114,0.792,0.495,0.286,1,0.564,0.423,0.508
2021,20210921,롯데,113,0.785,0.473,0.5,-1,0.408,0.525,0.478
2021,20210921,KIA,108,0.75,0.402,0.3,-2,0.451,0.353,0.433
2021,20210921,한화,116,0.806,0.389,0.571,1,0.434,0.345,0.371
2022,20220405,LG,3,0.021,1.0,1.0,3,,1.0,0.613
2022,20220405,SSG,3,0.021,1.0,1.0,3,,1.0,0.629
2022,20220405,두산,3,0.021,0.667,0.667,-1,0.667,,0.423
2022,20220405,삼성,3,0.021,0.667,0.667,2,,0.667,0.465
2022,20220405,롯데,3,0.021,0.667,0.667,1,,0.667,0.457
2022,20220405,KT,3,0.021,0.333,0.333,-2,0.333,,0.563
2022,20220405,키움,3,0.021,0.333,0.333,-1,0.333,,0.563
2022,20220405,KIA,3,0.021,0.333,0.333,1,0.333,,0.49
2022,20220405,NC,3,0.021,0.0,0.0,-3,0.0,,0.475
2022,20220405,한화,3,0.021,0.0,0.0,-3,,0.0,0.324
2022,20220501,SSG,26,0.181,0.76,0.556,-1,0.833,0.692,0.629
2022,20220501,롯데,25,0.174,0.625,0.778,4,0.455,0.769,0.457
2022,20220501,키움,26,0.181,0.577,0.5,2,0.5,0.667,0.563
2022,20220501,두산,25,0.174,0.56,0.5,1,0.5,0.636,0.423
2022,20220501,LG,26,0.181,0.538,0.4,-3,0.25,0.786,0.613
2022,20220501,KT,25,0.174,0.44,0.6,-2,0.385,0.5,0.563
2022,20220501,삼성,26,0.181,0.423,0.5,3,0.333,0.5,0.465
2022,20220501,KIA,25,0.174,0.4,0.3,-5,0.385,0.417,0.49
2022,20220501,한화,26,0.181,0.385,0.6,2,0.5,0.286,0.324
2022,20220501,NC,26,0.181,0.308,0.3,-2,0.357,0.25,0.475
2022,20220514,SSG,37,0.257,0.694,0.5,1,0.765,0.632,0.629
2022,20220514,LG,37,0.257,0.595,0.7,1,0.4,0.824,0.613
2022,20220514,두산,35,0.243,0.571,0.6,-1,0.471,0.667,0.423
2022,20220514,롯데,36,0.25,0.571,0.5,2,0.412,0.722,0.457
2022,20220514,삼성,36,0.25,0.528,0.8,3,0.474,0.588,0.465
2022,20220514,키움,37,0.257,0.514,0.3,2,0.4,0.647,0.563
2022,20220514,KIA,36,0.25,0.5,0.8,-1,0.474,0.529,0.49
2022,20220514,KT,36,0.25,0.444,0.4,-3,0.389,0.5,0.563
2022,20220514,NC,37,0.257,0.297,0.2,-1,0.294,0.3,0.475
2022,20220514,한화,37,0.257,0.297,0.1,-9,0.353,0.25,0.324
2022,20220527,SSG,48,0.333,0.717,0.889,5,0.75,0.682,0.629
2022,20220527,키움,48,0.333,0.583,0.8,4,0.435,0.72,0.563
2022,20220527,LG,48,0.333,0.563,0.4,1,0.4,0.739,0.613
2022,20220527,KIA,47,0.326,0.553,0.8,-1,0.478,0.625,0.49
2022,20220527,두산,46,0.319,0.511,0.333,2,0.409,0.609,0.423
2022,20220527,삼성,47,0.326,0.489,0.3,-4,0.423,0.571,0.465
2022,20220527,롯데,47,0.326,0.478,0.2,-4,0.333,0.6,0.457
2022,20220527,KT,47,0.326,0.447,0.5,-1,0.348,0.542,0.563
2022,20220527,한화,48,0.333,0.354,0.5,1,0.417,0.292,0.324
2022,20220527,NC,48,0.333,0.313,0.3,-3,0.292,0.333,0.475
2022,20220609,SSG,59,0.41,0.643,0.333,-2,0.704,0.586,0.629
2022,20220609,키움,58,0.403,0.596,0.667,-1,0.464,0.724,0.563
2022,20220609,LG,58,0.403,0.561,0.556,-1,0.433,0.704,0.613
2022,20220609,KIA,57,0.396,0.554,0.556,1,0.481,0.621,0.49
2022,20220609,삼성,57,0.396,0.491,0.5,-1,0.429,0.552,0.465
2022,20220609,두산,56,0.389,0.491,0.4,1,0.393,0.593,0.423
2022,20220609,KT,58,0.403,0.464,0.625,1,0.37,0.552,0.563
2022,20220609,롯데,57,0.396,0.455,0.333,1,0.321,0.593,0.457
2022,20220609,한화,58,0.403,0.379,0.5,-1,0.414,0.345,0.324
2022,20220609,NC,58,0.403,0.368,0.667,2,0.367,0.37,0.475
2022,20220622,SSG,70,0.486,0.642,0.6,1,0.719,0.571,0.629
2022,20220622,키움,69,0.479,0.603,0.6,2,0.471,0.735,0.563
2022,20220622,LG,69,0.479,0.588,0.7,3,0.5,0.7,0.613
2022,20220622,KIA,67,0.465,0.53,0.4,-1,0.457,0.613,0.49
2022,20220622,KT,69,0.479,0.493,0.6,-1,0.406,0.571,0.563
2022,20220622,삼성,68,0.472,0.471,0.4,-2,0.394,0.543,0.465
2022,20220622,두산,67,0.465,0.47,0.4,-1,0.387,0.543,0.423
2022,20220622,롯데,67,0.465,0.462,0.5,1,0.324,0.613,0.457
2022,20220622,NC,68,0.472,0.409,0.667,1,0.412,0.406,0.475
2022,20220622,한화,68,0.472,0.328,0.0,-10,0.387,0.278,0.324
2022,20220705,SSG,79,0.549,0.671,0.9,5,0.769,0.568,0.629
2022,20220705,키움,80,0.556,0.646,0.9,9,0.55,0.744,0.563
2022,20220705,LG,77,0.535,0.605,0.8,2,0.524,0.706,0.613
2022,20220705,KT,78,0.542,0.513,0.6,4,0.447,0.579,0.563
2022,20220705,KIA,77,0.535,0.5,0.3,-7,0.472,0.525,0.49
2022,20220705,삼성,78,0.542,0.449,0.3,-4,0.368,0.525,0.465
2022,20220705,롯데,77,0.535,0.446,0.333,-2,0.342,0.556,0.457
2022,20220705,두산,76,0.528,0.432,0.111,-5,0.371,0.487,0.423
2022,20220705,NC,75,0.521,0.411,0.5,3,0.444,0.378,0.475
2022,20220705,한화,77,0.535,0.316,0.2,-5,0.378,0.256,0.324
2022,20220731,SSG,94,0.653,0.692,0.8,2,0.761,0.622,0.629
2022,20220731,키움,95,0.66,0.613,0.333,-3,0.587,0.638,0.563
2022,20220731,LG,92,0.639,0.604,0.4,1,0.522,0.689,0.613
2022,20220731,KT,92,0.639,0.544,0.7,-1,0.5,0.591,0.563
2022,20220731,KIA,92,0.639,0.516,0.5,-2,0.478,0.556,0.49
2022,20220731,두산,91,0.632,0.449,0.6,-1,0.4,0.5,0.423
2022,20220731,롯데,94,0.653,0.433,0.222,1,0.364,0.5,0.457
2022,20220731,NC,91,0.632,0.42,0.667,2,0.465,0.378,0.475
2022,20220731,삼성,94,0.653,0.413,0.375,-1,0.34,0.489,0.465
2022,20220731,한화,93,0.646,0.308,0.333,1,0.386,0.234,0.324
2022,20220813,SSG,104,0.722,0.693,0.7,1,0.75,0.633,0.629
2022,20220813,LG,99,0.688,0.612,0.6,3,0.531,0.694,0.613
2022,20220813,키움,105,0.729,0.583,0.3,1,0.538,0.627,0.563
2022,20220813,KT,101,0.701,0.545,0.5,2,0.52,0.571,0.563
2022,20220813,KIA,101,0.701,0.5,0.3,1,0.48,0.52,0.49
2022,20220813,두산,100,0.694,0.449,0.4,-1,0.392,0.511,0.423
2022,20220813,롯데,104,0.722,0.44,0.5,-1,0.36,0.52,0.457
2022,20220813,NC,99,0.688,0.438,0.667,-1,0.467,0.412,0.475
2022,20220813,삼성,102,0.708,0.42,0.444,-1,0.367,0.471,0.465
2022,20220813,한화,101,0.701,0.313,0.4,-2,0.388,0.24,0.324
2022,20220826,SSG,113,0.785,0.682,0.6,-2,0.745,0.618,0.629
2022,20220826,LG,109,0.757,0.611,0.6,1,0.545,0.679,0.613
2022,20220826,KT,112,0.778,0.573,0.8,5,0.561,0.585,0.563
2022,20220826,키움,115,0.799,0.566,0.4,3,0.518,0.614,0.563
2022,20220826,KIA,111,0.771,0.5,0.5,-1,0.481,0.518,0.49
2022,20220826,롯데,114,0.792,0.464,0.7,1,0.386,0.547,0.457
2022,20220826,NC,108,0.75,0.438,0.4,-4,0.451,0.426,0.475
2022,20220826,두산,109,0.757,0.43,0.2,-4,0.382,0.481,0.423
2022,20220826,삼성,112,0.778,0.409,0.3,-1,0.36,0.45,0.465
2022,20220826,한화,111,0.771,0.321,0.4,2,0.393,0.245,0.324
2022,20220908,SSG,122,0.847,0.661,0.333,-1,0.705,0.614,0.629
2022,20220908,LG,118,0.819,0.621,0.778,-2,0.559,0.684,0.613
2022,20220908,키움,125,0.868,0.569,0.6,1,0.557,0.581,0.563
2022,20220908,KT,122,0.847,0.567,0.5,-1,0.556,0.579,0.563
2022,20220908,KIA,121,0.84,0.5,0.5,2,0.467,0.533,0.49
2022,20220908,롯데,124,0.861,0.458,0.4,1,0.383,0.533,0.457
2022,20220908,NC,118,0.819,0.452,0.6,3,0.491,0.417,0.475
2022,20220908,삼성,121,0.84,0.437,0.7,-1,0.411,0.46,0.465
2022,20220908,두산,118,0.819,0.414,0.2,-5,0.373,0.456,0.423
2022,20220908,한화,121,0.84,0.319,0.3,1,0.407,0.233,0.324
2022,20220921,SSG,133,0.924,0.643,0.5,-1,0.682,0.603,0.629
2022,20220921,LG,128,0.889,0.627,0.7,2,0.565,0.688,0.613
2022,20220921,키움,136,0.944,0.567,0.6,1,0.544,0.591,0.563
2022,20220921,KT,132,0.917,0.554,0.4,1,0.545,0.562,0.563
2022,20220921,KIA,132,0.917,0.473,0.1,-9,0.424,0.523,0.49
2022,20220921,NC,129,0.896,0.468,0.6,1,0.492,0.448,0.475
2022,20220921,롯데,135,0.938,0.458,0.5,2,0.379,0.538,0.457
2022,20220921,삼성,132,0.917,0.454,0.6,-1,0.444,0.463,0.465
2022,20220921,두산,129,0.896,0.425,0.5,-1,0.394,0.459,0.423
2022,20220921,한화,132,0.917,0.331,0.5,-2,0.4,0.262,0.324
2022,20221004,SSG,141,0.979,0.642,0.6,-1,0.681,0.6,0.629
2022,20221004,LG,139,0.965,0.613,0.5,-3,0.529,0.701,0.613
2022,20221004,KT,139,0.965,0.569,0.8,5,0.565,0.574,0.563
2022,20221004,키움,142,0.986,0.564,0.5,-1,0.549,0.58,0.563
2022,20221004,KIA,140,0.972,0.489,0.6,2,0.426,0.549,0.49
2022,20221004,NC,139,0.965,0.471,0.5,2,0.492,0.451,0.475
2022,20221004,삼성,140,0.972,0.457,0.5,-1,0.464,0.449,0.465
2022,20221004,롯데,142,0.986,0.457,0.5,-1,0.382,0.529,0.457
2022,20221004,두산,140,0.972,0.42,0.3,1,0.403,0.437,0.423
2022,20221004,한화,142,0.986,0.321,0.2,1,0.38,0.261,0.324
2023,20230405,키움,4,0.028,0.75,0.75,1,0.75,,0.411
2023,20230405,SSG,3,0.021,0.667,0.667,1,0.667,,0.539
2023,20230405,삼성,3,0.021,0.667,0.667,2,0.667,,0.427
2023,20230405,LG,4,0.028,0.5,0.5,-1,,0.5,0.606
2023,20230405,KT,2,0.014,0.5,0.5,-1,0.5,,0.56
2023,20230405,KIA,2,0.014,0.5,0.5,1,,0.5,0.514
2023,20230405,NC,4,0.028,0.5,0.5,1,,0.5,0.528
2023,20230405,두산,4,0.028,0.5,0.5,-1,0.5,,0.521
2023,20230405,롯데,3,0.021,0.333,0.333,-1,,0.333,0.472
2023,20230405,한화,3,0.021,0.0,0.0,-3,,0.0,0.42
2023,20230418,NC,15,0.104,0.667,0.8,3,0.833,0.556,0.528
2023,20230418,SSG,13,0.09,0.615,0.6,-3,0.5,0.714,0.539
2023,20230418,LG,15,0.104,0.6,0.6,-2,0.714,0.5,0.606
2023,20230418,두산,14,0.097,0.571,0.6,2,0.571,0.571,0.521
2023,20230418,KT,12,0.083,0.545,0.556,2,0.6,0.5,0.56
2023,20230418,키움,14,0.097,0.5,0.4,-1,0.667,0.2,0.411
2023,20230418,롯데,13,0.09,0.462,0.5,1,0.571,0.333,0.472
2023,20230418,삼성,14,0.097,0.429,0.4,2,0.5,0.25,0.427
2023,20230418,한화,14,0.097,0.308,0.333,-2,0.0,0.444,0.42
2023,20230418,KIA,12,0.083,0.25,0.2,-5,0.333,0.167,0.514
2023,20230514,SSG,36,0.25,0.657,0.778,1,0.647,0.667,0.539
2023,20230514,롯데,30,0.208,0.633,0.7,2,0.688,0.571,0.472
2023,20230514,LG,35,0.243,0.629,0.7,2,0.611,0.647,0.606
2023,20230514,NC,34,0.236,0.529,0.6,1,0.455,0.565,0.528
2023,20230514,두산,34,0.236,0.515,0.5,3,0.625,0.412,0.521
2023,20230514,삼성,33,0.229,0.455,0.4,-2,0.5,0.4,0.427
2023,20230514,KIA,31,0.215,0.452,0.4,-5,0.529,0.357,0.514
2023,20230514,키움,36,0.25,0.444,0.3,-1,0.6,0.25,0.411
2023,20230514,한화,34,0.236,0.375,0.667,-1,0.312,0.438,0.42
2023,20230514,KT,33,0.229,0.29,0.2,-2,0.312,0.267,0.56
2023,20230527,LG,46,0.319,0.644,0.778,-1,0.652,0.636,0.606
2023,20230527,SSG,45,0.312,0.636,0.556,1,0.6,0.667,0.539
2023,20230527,롯데,41,0.285,0.634,0.6,3,0.636,0.632,0.472
2023,20230527,두산,44,0.306,0.512,0.5,-1,0.6,0.435,0.521
2023,20230527,NC,44,0.306,0.5,0.4,-1,0.444,0.538,0.528
2023,20230527,KIA,41,0.285,0.488,0.6,1,0.545,0.421,0.514
2023,20230527,삼성,43,0.299,0.419,0.3,-3,0.409,0.429,0.427
2023,20230527,키움,47,0.326,0.404,0.3,-4,0.52,0.273,0.411
2023,20230527,KT,44,0.306,0.381,0.6,4,0.409,0.35,0.56
2023,20230527,한화,45,0.312,0.381,0.444,1,0.364,0.4,0.42
2023,20230609,SSG,55,0.382,0.648,0.7,-1,0.615,0.679,0.539
2023,20230609,LG,57,0.396,0.6,0.333,-2,0.586,0.615,0.606
2023,20230609,롯데,52,0.361,0.577,0.4,1,0.571,0.583,0.472
2023,20230609,NC,53,0.368,0.547,0.7,3,0.476,0.594,0.528
2023,20230609,두산,53,0.368,0.519,0.5,-1,0.625,0.429,0.521
2023,20230609,KIA,51,0.354,0.471,0.4,1,0.5,0.435,0.514
2023,20230609,삼성,54,0.375,0.426,0.4,-3,0.407,0.444,0.427
2023,20230609,KT,54,0.375,0.423,0.6,6,0.462,0.385,0.56
2023,20230609,키움,58,0.403,0.404,0.333,-1,0.536,0.276,0.411
2023,20230609,한화,55,0.382,0.385,0.4,1,0.414,0.348,0.42
2023,20230622,SSG,66,0.458,0.631,0.6,3,0.594,0.667,0.539
2023,20230622,LG,68,0.472,0.621,0.8,2,0.629,0.613,0.606
2023,20230622,NC,64,0.444,0.556,0.556,-2,0.517,0.588,0.528
2023,20230622,롯데,63,0.438,0.508,0.2,-3,0.548,0.469,0.472
2023,20230622,키움,69,0.479,0.478,0.889,5,0.548,0.417,0.411
2023,20230622,두산,64,0.444,0.476,0.3,-4,0.552,0.412,0.521
2023,20230622,KT,65,0.451,0.46,0.7,3,0.5,0.414,0.56
2023,20230622,KIA,62,0.431,0.459,0.333,-2,0.5,0.419,0.514
2023,20230622,한화,66,0.458,0.403,0.444,2,0.417,0.385,0.42
2023,20230622,삼성,65,0.451,0.4,0.2,-3,0.406,0.394,0.427
2023,20230705,LG,77,0.535,0.627,0.7,-1,0.619,0.636,0.606
2023,20230705,SSG,75,0.521,0.608,0.5,-1,0.553,0.667,0.539
2023,20230705,두산,74,0.514,0.507,0.7,4,0.548,0.476,0.521
2023,20230705,NC,73,0.507,0.5,0.1,-5,0.484,0.512,0.528
2023,20230705,롯데,72,0.5,0.5,0.4,-3,0.556,0.444,0.472
2023,20230705,키움,79,0.549,0.494,0.6,2,0.538,0.447,0.411
2023,20230705,KT,73,0.507,0.479,0.7,4,0.541,0.412,0.56
2023,20230705,한화,74,0.514,0.457,0.9,1,0.462,0.452,0.42
2023,20230705,KIA,70,0.486,0.449,0.3,1,0.471,0.429,0.514
2023,20230705,삼성,75,0.521,0.373,0.2,-2,0.378,0.368,0.427
2023,20230813,LG,98,0.681,0.635,0.8,5,0.647,0.622,0.606
2023,20230813,SSG,97,0.674,0.573,0.5,2,0.542,0.604,0.539
2023,20230813,KT,100,0.694,0.541,0.8,2,0.569,0.511,0.56
2023,20230813,NC,97,0.674,0.521,0.6,-2,0.5,0.538,0.528
2023,20230813,두산,97,0.674,0.51,0.4,-2,0.511,0.51,0.521
2023,20230813,KIA,93,0.646,0.495,0.556,-1,0.512,0.479,0.514
2023,20230813,롯데,98,0.681,0.48,0.5,1,0.52,0.438,0.472
2023,20230813,한화,97,0.674,0.435,0.333,2,0.44,0.429,0.42
2023,20230813,삼성,100,0.694,0.414,0.5,-2,0.4,0.429,0.427
2023,20230813,키움,107,0.743,0.404,0.1,-4,0.451,0.358,0.411
2023,20230826,LG,107,0.743,0.619,0.5,-2,0.654,0.585,0.606
2023,20230826,KT,110,0.764,0.565,0.8,2,0.566,0.564,0.56
2023,20230826,SSG,106,0.736,0.552,0.4,1,0.538,0.566,0.539
2023,20230826,NC,105,0.729,0.524,0.444,2,0.521,0.527,0.528
2023,20230826,두산,107,0.743,0.509,0.5,-1,0.481,0.537,0.521
2023,20230826,KIA,103,0.715,0.505,0.6,3,0.542,0.472,0.514
2023,20230826,롯데,107,0.743,0.467,0.4,-6,0.527,0.404,0.472
2023,20230826,삼성,109,0.757,0.435,0.6,1,0.431,0.44,0.427
2023,20230826,한화,106,0.736,0.42,0.333,-5,0.426,0.413,0.42
2023,20230826,키움,118,0.819,0.409,0.4,-1,0.456,0.362,0.411
2023,20230908,LG,116,0.806,0.614,0.5,2,0.643,0.586,0.606
2023,20230908,KT,119,0.826,0.556,0.5,1,0.569,0.542,0.56
2023,20230908,NC,114,0.792,0.545,0.8,4,0.566,0.525,0.528
2023,20230908,SSG,116,0.806,0.53,0.3,-3,0.509,0.552,0.539
2023,20230908,KIA,111,0.771,0.523,0.8,-2,0.549,0.5,0.514
2023,20230908,두산,114,0.792,0.504,0.5,2,0.482,0.526,0.521
2023,20230908,롯데,115,0.799,0.47,0.4,-1,0.525,0.407,0.472
2023,20230908,한화,115,0.799,0.431,0.5,3,0.431,0.431,0.42
2023,20230908,삼성,118,0.819,0.427,0.4,-2,0.435,0.418,0.427
2023,20230908,키움,128,0.889,0.408,0.4,-4,0.475,0.344,0.411
2023,20230921,LG,125,0.868,0.618,0.7,6,0.661,0.578,0.606
2023,20230921,KT,129,0.896,0.563,0.667,2,0.574,0.554,0.56
2023,20230921,NC,122,0.847,0.55,0.7,-1,0.569,0.532,0.528
2023,20230921,두산,124,0.861,0.528,0.8,1,0.5,0.557,0.521
2023,20230921,SSG,125,0.868,0.512,0.222,-1,0.492,0.531,0.539
2023,20230921,KIA,121,0.84,0.504,0.3,-7,0.525,0.483,0.514
2023,20230921,롯데,124,0.861,0.468,0.4,-2,0.516,0.417,0.472
2023,20230921,한화,125,0.868,0.437,0.5,1,0.422,0.455,0.42
2023,20230921,삼성,127,0.882,0.421,0.3,-4,0.439,0.4,0.427
2023,20230921,키움,134,0.931,0.405,0.2,2,0.462,0.348,0.411
2023,20231004,LG,136,0.944,0.619,0.7,3,0.662,0.58,0.606
2023,20231004,KT,139,0.965,0.551,0.4,1,0.561,0.543,0.56
2023,20231004,NC,134,0.931,0.53,0.3,-5,0.562,0.5,0.528
2023,20231004,두산,134,0.931,0.53,0.556,-1,0.507,0.554,0.521
2023,20231004,SSG,135,0.938,0.523,0.667,4,0.522,0.523,0.539
2023,20231004,KIA,134,0.931,0.5,0.5,-1,0.516,0.486,0.514
2023,20231004,롯데,134,0.931,0.478,0.6,-1,0.521,0.429,0.472
2023,20231004,한화,135,0.938,0.434,0.4,3,0.435,0.433,0.42
2023,20231004,삼성,137,0.951,0.426,0.5,-2,0.435,0.418,0.427
2023,20231004,키움,140,0.972,0.409,0.5,1,0.463,0.357,0.411
2024,20240405,KIA,10,0.069,0.8,0.8,3,1.0,0.667,0.613
2024,20240405,한화,11,0.076,0.727,0.8,-1,0.8,0.667,0.465
2024,20240405,SSG,12,0.083,0.667,0.6,-1,0.625,0.75,0.507
2024,20240405,NC,11,0.076,0.636,0.6,1,0.8,0.5,0.43
2024,20240405,키움,9,0.062,0.556,0.556,5,0.75,0.4,0.403
2024,20240405,LG,12,0.083,0.545,0.556,-1,0.625,0.333,0.535
2024,20240405,두산,12,0.083,0.417,0.4,1,0.333,0.444,0.521
2024,20240405,KT,12,0.083,0.25,0.3,1,0.25,0.25,0.507
2024,20240405,롯데,10,0.069,0.2,0.2,-2,0.25,0.167,0.471
2024,20240405,삼성,11,0.076,0.2,0.111,-8,0.0,0.4,0.549
2024,20240418,KIA,21,0.146,0.714,0.7,-1,0.778,0.667,0.613
2024,20240418,NC,21,0.146,0.667,0.7,1,0.75,0.556,0.43
2024,20240418,SSG,23,0.16,0.609,0.6,1,0.643,0.556,0.507
2024,20240418,키움,20,0.139,0.6,0.6,-2,0.75,0.375,0.403
2024,20240418,삼성,22,0.153,0.524,0.8,4,0.364,0.7,0.549
2024,20240418,LG,23,0.16,0.5,0.4,-1,0.692,0.222,0.535
2024,20240418,한화,21,0.146,0.476,0.2,-1,0.5,0.462,0.465
2024,20240418,두산,23,0.16,0.391,0.4,-3,0.556,0.286,0.521
2024,20240418,KT,23,0.16,0.304,0.4,2,0.273,0.333,0.507
2024,20240418,롯데,21,0.146,0.238,0.2,1,0.333,0.167,0.471
2024,20240501,KIA,32,0.222,0.688,0.6,1,0.714,0.667,0.613
2024,20240501,NC,32,0.222,0.625,0.6,-1,0.765,0.467,0.43
2024,20240501,삼성,33,0.229,0.594,0.8,1,0.429,0.722,0.549
2024,20240501,SSG,33,0.229,0.563,0.444,1,0.579,0.538,0.507
2024,20240501,LG,34,0.236,0.531,0.556,1,0.688,0.375,0.535
2024,20240501,키움,31,0.215,0.484,0.3,2,0.5,0.462,0.403
2024,20240501,두산,34,0.236,0.471,0.6,-1,0.588,0.353,0.521
2024,20240501,한화,32,0.222,0.406,0.2,-1,0.438,0.375,0.465
2024,20240501,KT,34,0.236,0.364,0.556,-1,0.429,0.316,0.507
2024,20240501,롯데,31,0.215,0.267,0.333,-5,0.4,0.133,0.471
2024,20240514,KIA,41,0.285,0.61,0.4,-2,0.571,0.65,0.613
2024,20240514,NC,41,0.285,0.575,0.333,-2,0.667,0.474,0.43
2024,20240514,두산,44,0.306,0.568,0.9,9,0.619,0.522,0.521
2024,20240514,삼성,42,0.292,0.561,0.5,-1,0.389,0.696,0.549
2024,20240514,LG,44,0.306,0.548,0.6,-1,0.591,0.5,0.535
2024,20240514,SSG,43,0.299,0.548,0.5,2,0.545,0.55,0.507
2024,20240514,KT,43,0.299,0.429,0.6,1,0.579,0.304,0.507
2024,20240514,키움,41,0.285,0.415,0.2,1,0.429,0.4,0.403
2024,20240514,한화,41,0.285,0.4,0.333,1,0.45,0.35,0.465
2024,20240514,롯데,40,0.278,0.333,0.5,-4,0.429,0.222,0.471
2024,20240609,LG,66,0.458,0.594,0.7,-1,0.621,0.571,0.535
2024,20240609,KIA,64,0.444,0.587,0.4,1,0.548,0.625,0.613
2024,20240609,두산,67,0.465,0.569,0.6,-1,0.6,0.533,0.521
2024,20240609,삼성,64,0.444,0.54,0.6,1,0.467,0.606,0.549
2024,20240609,SSG,64,0.444,0.508,0.7,-1,0.484,0.531,0.507
2024,20240609,NC,64,0.444,0.484,0.333,2,0.467,0.5,0.43
2024,20240609,한화,63,0.438,0.443,0.444,-2,0.467,0.419,0.465
2024,20240609,롯데,62,0.431,0.433,0.6,1,0.545,0.296,0.471
2024,20240609,KT,64,0.444,0.429,0.3,1,0.484,0.375,0.507
2024,20240609,키움,62,0.431,0.403,0.3,-1,0.394,0.414,0.403
2024,20240622,KIA,74,0.514,0.603,0.7,2,0.571,0.632,0.613
2024,20240622,삼성,74,0.514,0.562,0.7,3,0.541,0.583,0.549
2024,20240622,두산,77,0.535,0.56,0.5,-1,0.585,0.529,0.521
2024,20240622,LG,76,0.528,0.554,0.3,-2,0.606,0.512,0.535
2024,20240622,SSG,75,0.521,0.514,0.5,1,0.5,0.526,0.507
2024,20240622,NC,75,0.521,0.493,0.5,-1,0.5,0.486,0.43
2024,20240622,한화,73,0.507,0.451,0.5,-2,0.472,0.429,0.465
2024,20240622,롯데,73,0.507,0.437,0.5,1,0.556,0.314,0.471
2024,20240622,KT,74,0.514,0.425,0.4,2,0.459,0.389,0.507
2024,20240622,키움,73,0.507,0.397,0.3,-1,0.395,0.4,0.403
2024,20240718,KIA,91,0.632,0.607,0.8,3,0.558,0.652,0.613
2024,20240718,LG,93,0.646,0.538,0.4,3,0.571,0.51,0.535
2024,20240718,삼성,92,0.639,0.533,0.4,-2,0.545,0.522,0.549
2024,20240718,두산,95,0.66,0.527,0.5,1,0.571,0.477,0.521
2024,20240718,NC,89,0.618,0.506,0.7,4,0.568,0.442,0.43
2024,20240718,SSG,91,0.632,0.5,0.5,-2,0.488,0.511,0.507
2024,20240718,KT,92,0.639,0.489,0.8,5,0.488,0.49,0.507
2024,20240718,롯데,88,0.611,0.447,0.3,-1,0.568,0.317,0.471
2024,20240718,한화,90,0.625,0.432,0.3,-4,0.467,0.395,0.465
2024,20240718,키움,89,0.618,0.416,0.3,-5,0.431,0.395,0.403
2024,20240731,KIA,102,0.708,0.6,0.5,-2,0.542,0.654,0.613
2024,20240731,LG,100,0.694,0.551,0.8,1,0.574,0.529,0.535
2024,20240731,삼성,102,0.708,0.52,0.4,-1,0.54,0.5,0.549
2024,20240731,SSG,100,0.694,0.515,0.6,5,0.54,0.49,0.507
2024,20240731,두산,105,0.729,0.515,0.4,2,0.577,0.451,0.521
2024,20240731,KT,101,0.701,0.495,0.6,-2,0.489,0.5,0.507
2024,20240731,NC,99,0.688,0.495,0.4,1,0.553,0.44,0.43
2024,20240731,한화,98,0.681,0.448,0.5,5,0.46,0.435,0.465
2024,20240731,롯데,98,0.681,0.432,0.3,-2,0.543,0.327,0.471
2024,20240731,키움,99,0.688,0.424,0.5,-1,0.446,0.395,0.403
2024,20240813,KIA,111,0.771,0.587,0.4,1,0.519,0.655,0.613
2024,20240813,LG,109,0.757,0.551,0.6,5,0.588,0.518,0.535
2024,20240813,삼성,112,0.778,0.536,0.7,2,0.561,0.509,0.549
2024,20240813,두산,114,0.792,0.518,0.6,-1,0.561,0.473,0.521
2024,20240813,SSG,111,0.771,0.5,0.4,2,0.519,0.482,0.507
2024,20240813,KT,111,0.771,0.486,0.4,-3,0.471,0.5,0.507
2024,20240813,NC,108,0.75,0.462,0.2,-6,0.54,0.393,0.43
2024,20240813,롯데,105,0.729,0.461,0.7,2,0.571,0.358,0.471
2024,20240813,한화,108,0.75,0.453,0.5,-3,0.446,0.46,0.465
2024,20240813,키움,109,0.757,0.44,0.6,-1,0.443,0.438,0.403
2024,20240908,KIA,132,0.917,0.615,0.8,4,0.569,0.662,0.613
2024,20240908,삼성,132,0.917,0.562,0.7,1,0.557,0.567,0.549
2024,20240908,LG,130,0.903,0.531,0.5,2,0.554,0.508,0.535
2024,20240908,두산,132,0.917,0.5,0.3,1,0.516,0.485,0.521
2024,20240908,KT,131,0.91,0.496,0.5,-1,0.458,0.529,0.507
2024,20240908,SSG,130,0.903,0.477,0.444,2,0.468,0.485,0.507
2024,20240908,한화,128,0.889,0.476,0.4,-2,0.452,0.5,0.465
2024,20240908,롯데,127,0.882,0.463,0.556,-3,0.559,0.375,0.471
2024,20240908,NC,128,0.889,0.46,0.6,-1,0.5,0.419,0.43
2024,20240908,키움,130,0.903,0.415,0.1,-3,0.429,0.4,0.403
2024,20240921,KIA,138,0.958,0.61,0.7,-2,0.574,0.647,0.613
2024,20240921,삼성,139,0.965,0.555,0.5,-1,0.557,0.552,0.549
2024,20240921,LG,139,0.965,0.526,0.5,1,0.536,0.515,0.535
2024,20240921,두산,139,0.965,0.511,0.6,-1,0.544,0.478,0.521
2024,20240921,KT,140,0.972,0.5,0.5,-1,0.47,0.528,0.507
2024,20240921,SSG,137,0.951,0.496,0.889,5,0.5,0.493,0.507
2024,20240921,롯데,136,0.944,0.47,0.5,-2,0.554,0.388,0.471
2024,20240921,한화,137,0.951,0.467,0.3,1,0.438,0.493,0.465
2024,20240921,NC,136,0.944,0.448,0.3,-1,0.493,0.4,0.43
2024,20240921,키움,137,0.951,0.416,0.3,-3,0.431,0.4,0.403
2025,20250405,LG,10,0.069,0.9,0.9,2,1.0,0.75,0.603
2025,20250405,SSG,9,0.062,0.667,0.667,2,0.833,0.333,0.536
2025,20250405,삼성,12,0.083,0.583,0.5,-1,0.571,0.6,0.521
2025,20250405,KT,11,0.076,0.5,0.556,-2,0.571,0.333,0.511
2025,20250405,롯데,12,0.083,0.455,0.556,1,0.5,0.429,0.478
2025,20250405,NC,9,0.062,0.444,0.444,1,0.0,0.571,0.514
2025,20250405,두산,12,0.083,0.417,0.5,-1,0.6,0.286,0.442
2025,20250405,키움,12,0.083,0.417,0.5,-1,0.6,0.286,0.336
2025,20250405,KIA,11,0.076,0.364,0.3,-1,0.429,0.25,0.464
2025,20250405,한화,12,0.083,0.333,0.3,1,0.4,0.286,0.593
2025,20250418,LG,21,0.146,0.81,0.7,1,0.846,0.75,0.603
2025,20250418,롯데,23,0.16,0.545,0.7,4,0.545,0.545,0.478
2025,20250418,한화,23,0.16,0.522,0.8,5,0.556,0.5,0.593
2025,20250418,삼성,22,0.153,0.5,0.4,-1,0.583,0.4,0.521
2025,20250418,KT,21,0.146,0.5,0.5,-2,0.667,0.25,0.511
2025,20250418,SSG,19,0.132,0.474,0.3,-5,0.545,0.375,0.536
2025,20250418,두산,20,0.139,0.45,0.5,2,0.556,0.364,0.442
2025,20250418,KIA,21,0.146,0.429,0.5,-1,0.5,0.333,0.464
2025,20250418,NC,17,0.118,0.412,0.4,-1,0.2,0.5,0.514
2025,20250418,키움,23,0.16,0.348,0.3,1,0.5,0.231,0.336
2025,20250501,LG,31,0.215,0.645,0.3,-4,0.75,0.533,0.603
2025,20250501,롯데,33,0.229,0.594,0.7,3,0.538,0.632,0.478
2025,20250501,한화,32,0.222,0.594,0.8,4,0.688,0.5,0.593
2025,20250501,삼성,32,0.222,0.581,0.778,-1,0.684,0.417,0.521
2025,20250501,KT,32,0.222,0.533,0.556,2,0.6,0.467,0.511
2025,20250501,SSG,30,0.208,0.483,0.556,1,0.5,0.455,0.536
2025,20250501,KIA,30,0.208,0.467,0.5,-1,0.529,0.385,0.464
2025,20250501,두산,31,0.215,0.4,0.333,-2,0.375,0.429,0.442
2025,20250501,NC,27,0.188,0.37,0.3,1,0.2,0.409,0.514
2025,20250501,키움,34,0.236,0.324,0.3,-3,0.333,0.312,0.336
2025,20250514,LG,42,0.292,0.667,0.8,5,0.762,0.571,0.603
2025,20250514,한화,42,0.292,0.643,0.8,-2,0.667,0.619,0.593
2025,20250514,롯데,44,0.306,0.595,0.556,1,0.526,0.652,0.478
2025,20250514,NC,38,0.264,0.486,0.889,1,0.2,0.531,0.514
2025,20250514,삼성,43,0.299,0.476,0.1,-1,0.556,0.333,0.521
2025,20250514,KT,43,0.299,0.475,0.333,1,0.478,0.471,0.511
2025,20250514,SSG,41,0.285,0.475,0.4,-1,0.522,0.412,0.536
2025,20250514,KIA,40,0.278,0.45,0.4,-1,0.476,0.421,0.464
2025,20250514,두산,42,0.292,0.45,0.667,2,0.381,0.526,0.442
2025,20250514,키움,45,0.312,0.289,0.1,-5,0.292,0.286,0.336
2025,20250527,LG,53,0.368,0.654,0.556,2,0.731,0.577,0.603
2025,20250527,한화,53,0.368,0.585,0.4,-1,0.607,0.56,0.593
2025,20250527,롯데,55,0.382,0.577,0.556,-2,0.583,0.571,0.478
2025,20250527,KT,54,0.375,0.529,0.8,4,0.519,0.542,0.511
2025,20250527,삼성,54,0.375,0.509,0.6,3,0.594,0.381,0.521
2025,20250527,SSG,52,0.361,0.5,0.556,-1,0.519,0.478,0.536
2025,20250527,NC,49,0.34,0.5,0.625,-1,0.455,0.514,0.514
2025,20250527,KIA,51,0.354,0.49,0.6,1,0.577,0.4,0.464
2025,20250527,두산,53,0.368,0.42,0.222,-1,0.385,0.458,0.442
2025,20250527,키움,56,0.389,0.25,0.1,-8,0.233,0.269,0.336
2025,20250622,한화,73,0.507,0.597,0.667,1,0.667,0.528,0.593
2025,20250622,LG,74,0.514,0.583,0.444,1,0.615,0.545,0.603
2025,20250622,롯데,75,0.521,0.569,0.7,4,0.571,0.568,0.478
2025,20250622,KIA,73,0.507,0.535,0.778,6,0.611,0.457,0.464
2025,20250622,삼성,74,0.514,0.521,0.4,-3,0.585,0.438,0.521
2025,20250622,SSG,73,0.507,0.514,0.444,-1,0.543,0.486,0.536
2025,20250622,KT,75,0.521,0.514,0.4,-1,0.525,0.5,0.511
2025,20250622,NC,71,0.493,0.478,0.6,1,0.4,0.511,0.514
2025,20250622,두산,74,0.514,0.408,0.4,-1,0.412,0.405,0.442
2025,20250622,키움,76,0.528,0.284,0.111,-2,0.293,0.273,0.336
2025,20250705,한화,83,0.576,0.593,0.556,2,0.658,0.535,0.593
2025,20250705,KIA,84,0.583,0.556,0.778,3,0.634,0.475,0.464
2025,20250705,LG,84,0.583,0.549,0.3,-4,0.595,0.5,0.603
2025,20250705,롯데,85,0.59,0.549,0.4,-2,0.561,0.537,0.478
2025,20250705,SSG,83,0.576,0.525,0.6,2,0.553,0.5,0.536
2025,20250705,KT,85,0.59,0.524,0.6,-1,0.533,0.514,0.511
2025,20250705,삼성,84,0.583,0.518,0.5,3,0.6,0.421,0.521
2025,20250705,NC,81,0.562,0.474,0.444,-2,0.407,0.51,0.514
2025,20250705,두산,84,0.583,0.407,0.4,1,0.415,0.4,0.442
2025,20250705,키움,87,0.604,0.31,0.444,-4,0.333,0.278,0.336
2025,20250718,한화,88,0.611,0.616,0.889,7,0.683,0.556,0.593
2025,20250718,LG,89,0.618,0.563,0.5,1,0.609,0.512,0.603
2025,20250718,롯데,90,0.625,0.54,0.4,-2,0.545,0.535,0.478
2025,20250718,KIA,88,0.611,0.529,0.5,-4,0.619,0.442,0.464
2025,20250718,KT,90,0.625,0.517,0.5,-1,0.522,0.512,0.511
2025,20250718,SSG,87,0.604,0.512,0.5,-2,0.537,0.488,0.536
2025,20250718,NC,85,0.59,0.5,0.556,4,0.484,0.51,0.514
2025,20250718,삼성,88,0.611,0.494,0.4,-4,0.587,0.39,0.521
2025,20250718,두산,88,0.611,0.424,0.6,1,0.429,0.419,0.442
2025,20250718,키움,91,0.632,0.307,0.3,1,0.327,0.282,0.336
2025,20250731,한화,99,0.688,0.615,0.556,2,0.66,0.571,0.593
2025,20250731,LG,100,0.694,0.592,0.9,3,0.627,0.553,0.603
2025,20250731,롯데,101,0.701,0.561,0.7,1,0.58,0.542,0.478
2025,20250731,SSG,98,0.681,0.511,0.556,4,0.533,0.49,0.536
2025,20250731,KT,101,0.701,0.51,0.5,-3,0.51,0.511,0.511
2025,20250731,KIA,98,0.681,0.5,0.222,1,0.583,0.413,0.464
2025,20250731,삼성,98,0.681,0.495,0.5,-2,0.6,0.383,0.521
2025,20250731,NC,95,0.66,0.489,0.4,-1,0.486,0.491,0.514
2025,20250731,두산,99,0.688,0.436,0.5,-1,0.426,0.447,0.442
2025,20250731,키움,101,0.701,0.289,0.111,-7,0.327,0.244,0.336
2025,20250813,LG,110,0.764,0.611,0.8,1,0.632,0.588,0.603
2025,20250813,한화,108,0.75,0.6,0.5,3,0.654,0.547,0.593
2025,20250813,롯데,111,0.771,0.537,0.3,-5,0.545,0.528,0.478
2025,20250813,SSG,107,0.743,0.524,0.7,3,0.531,0.519,0.536
2025,20250813,KIA,106,0.736,0.51,0.667,2,0.592,0.434,0.464
2025,20250813,KT,111,0.771,0.505,0.444,-1,0.509,0.5,0.511
2025,20250813,NC,104,0.722,0.5,0.556,3,0.5,0.5,0.514
2025,20250813,삼성,109,0.757,0.472,0.3,-4,0.545,0.396,0.521
2025,20250813,두산,109,0.757,0.433,0.4,-2,0.412,0.453,0.442
2025,20250813,키움,111,0.771,0.308,0.5,-1,0.328,0.286,0.336
2025,20250826,LG,120,0.833,0.624,0.778,-1,0.644,0.603,0.603
2025,20250826,한화,119,0.826,0.586,0.4,3,0.627,0.544,0.593
2025,20250826,SSG,118,0.819,0.518,0.5,1,0.519,0.517,0.536
2025,20250826,롯데,122,0.847,0.513,0.25,2,0.534,0.492,0.478
2025,20250826,NC,115,0.799,0.505,0.6,1,0.519,0.491,0.514
2025,20250826,KT,121,0.84,0.504,0.5,-1,0.5,0.508,0.511
2025,20250826,삼성,120,0.833,0.5,0.889,4,0.559,0.441,0.521
2025,20250826,KIA,117,0.812,0.478,0.1,-6,0.545,0.414,0.464
2025,20250826,두산,120,0.833,0.452,0.6,-4,0.424,0.482,0.442
2025,20250826,키움,122,0.847,0.322,0.4,-4,0.339,0.304,0.336
2025,20250921,LG,137,0.951,0.619,0.5,-1,0.603,0.636,0.603
2025,20250921,한화,137,0.951,0.597,0.7,-1,0.612,0.582,0.593
2025,20250921,SSG,134,0.931,0.531,0.7,2,0.54,0.522,0.536
2025,20250921,삼성,137,0.951,0.511,0.5,-1,0.552,0.471,0.521
2025,20250921,KT,138,0.958,0.507,0.5,2,0.5,0.516,0.511
2025,20250921,롯데,137,0.951,0.496,0.3,-1,0.515,0.477,0.478
2025,20250921,NC,136,0.944,0.485,0.5,1,0.493,0.476,0.514
2025,20250921,KIA,136,0.944,0.47,0.4,-1,0.516,0.426,0.464
2025,20250921,두산,137,0.951,0.435,0.1,-2,0.415,0.455,0.442
2025,20250921,키움,139,0.965,0.348,0.6,1,0.348,0.348,0.336
2025,20251004,LG,144,1.0,0.603,0.4,-3,0.586,0.62,0.603
2025,20251004,한화,144,1.0,0.593,0.556,-1,0.62,0.565,0.593
2025,20251004,SSG,144,1.0,0.536,0.6,-2,0.551,0.521,0.536
2025,20251004,삼성,144,1.0,0.521,0.7,-1,0.577,0.465,0.521
2025,20251004,NC,144,1.0,0.514,0.9,9,0.514,0.515,0.514
2025,20251004,KT,144,1.0,0.511,0.556,1,0.507,0.515,0.511
2025,20251004,롯데,144,1.0,0.478,0.2,-3,0.507,0.449,0.478
2025,20251004,KIA,144,1.0,0.464,0.4,2,0.507,0.423,0.464
2025,20251004,두산,144,1.0,0.442,0.5,2,0.42,0.464,0.442
2025,20251004,키움,144,1.0,0.336,0.3,-5,0.333,0.338,0.336
